system,dialect,n,WER,CER,EER
out_base_fair.csv,ALL,36,0.5524691358024691,0.205761316872428,0.9722222222222222
out_base_fair.csv,synth_clean,6,0.5370370370370371,0.18518518518518517,1.0
out_base_fair.csv,synth_fast,6,0.5370370370370371,0.18106995884773663,1.0
out_base_fair.csv,synth_noise10,6,0.5185185185185185,0.2222222222222222,1.0
out_base_fair.csv,synth_noise5,6,0.7037037037037037,0.2880658436213992,1.0
out_base_fair.csv,synth_phone8k,6,0.5,0.17695473251028807,0.9166666666666666
out_base_fair.csv,synth_slow,6,0.5185185185185185,0.18106995884773663,0.9166666666666666
out_base_fair.csv+lexicon,ALL,36,0.5030864197530864,0.18381344307270234,0.7777777777777778
out_base_fair.csv+lexicon,synth_clean,6,0.4444444444444444,0.13580246913580246,0.75
out_base_fair.csv+lexicon,synth_fast,6,0.46296296296296297,0.14814814814814814,0.75
out_base_fair.csv+lexicon,synth_noise10,6,0.48148148148148145,0.20987654320987653,0.9166666666666666
out_base_fair.csv+lexicon,synth_noise5,6,0.6666666666666666,0.2716049382716049,0.8333333333333334
out_base_fair.csv+lexicon,synth_phone8k,6,0.46296296296296297,0.16049382716049382,0.6666666666666666
out_base_fair.csv+lexicon,synth_slow,6,0.5,0.17695473251028807,0.75
out_ft.csv,ALL,36,0.41358024691358025,0.1467764060356653,0.7222222222222222
out_ft.csv,synth_clean,6,0.35185185185185186,0.11934156378600823,0.6666666666666666
out_ft.csv,synth_fast,6,0.37037037037037035,0.11522633744855967,0.75
out_ft.csv,synth_noise10,6,0.46296296296296297,0.17695473251028807,0.8333333333333334
out_ft.csv,synth_noise5,6,0.5185185185185185,0.2139917695473251,0.75
out_ft.csv,synth_phone8k,6,0.3888888888888889,0.12345679012345678,0.6666666666666666
out_ft.csv,synth_slow,6,0.3888888888888889,0.13168724279835392,0.6666666666666666
out_ft.csv+lexicon,ALL,36,0.3734567901234568,0.15432098765432098,0.4305555555555556
out_ft.csv+lexicon,synth_clean,6,0.3333333333333333,0.13991769547325103,0.4166666666666667
out_ft.csv+lexicon,synth_fast,6,0.2777777777777778,0.09876543209876543,0.3333333333333333
out_ft.csv+lexicon,synth_noise10,6,0.37037037037037035,0.17695473251028807,0.5
out_ft.csv+lexicon,synth_noise5,6,0.5185185185185185,0.23868312757201646,0.5
out_ft.csv+lexicon,synth_phone8k,6,0.35185185185185186,0.13580246913580246,0.3333333333333333
out_ft.csv+lexicon,synth_slow,6,0.3888888888888889,0.13580246913580246,0.5
