filename,audio_path,text,speaker,dialect,entities,split,condition
train_0000.wav,recordings/fleurs16k/train_0000.wav,राजनीतिज्ञों ने कहा कि उन्होंने निर्णायक मत को अनावश्यक रूप से निर्धारित करने के लिए अफ़गान संविधान में काफी अस्पष्टता पाई थी,fleurs,fleurs_real,,train,read
train_0001.wav,recordings/fleurs16k/train_0001.wav,जब आप छुट्टी पर होते हैं तो आपके पास खुद के लिए समय होता है और कुछ विशेष करने के लिए अतिरिक्त समय निकालें,fleurs,fleurs_real,,train,read
train_0002.wav,recordings/fleurs16k/train_0002.wav,वाइल्डलाइफ़ फ़ोटोग्राफ़ी को अक्सर हल्के में ही लिया जाता है लेकिन सामान्यतः फ़टोग्राफ़ी की तरह ही एक चित्र हज़ारों शब्द से अधिक कीमत रखता है,fleurs,fleurs_real,,train,read
train_0003.wav,recordings/fleurs16k/train_0003.wav,ट्रैवल एजेंसियां 19 वीं शताब्दी के बाद से आई हैं एक ट्रैवल एजेंट आमतौर पर एक ऐसी यात्रा के लिए एक अच्छा विकल्प होता है जो प्रकृति संस्कृति भाषा या कम आय वाले देशों के यात्रा के पिछले अनुभव से अलग होता है,fleurs,fleurs_real,,train,read
train_0004.wav,recordings/fleurs16k/train_0004.wav,जुडियन हिल्स के प्राचीन शहर में हज़ारों सालों से एक लुभावना इतिहास है,fleurs,fleurs_real,,train,read
train_0005.wav,recordings/fleurs16k/train_0005.wav,चार साल बाद कोई पेटेंट दिया गया यह एमआरआई के क्षेत्र में जारी किया गया दुनिया का पहला पेटेंट था,fleurs,fleurs_real,,train,read
train_0006.wav,recordings/fleurs16k/train_0006.wav,सफलता के मामले में जर्मनी की राष्ट्रीय फुटबॉल टीम के बाद इटली की राष्ट्रीय फुटबॉल टीम आती है ये फीफा वर्ल्ड कप 2006 के विजेता थे,fleurs,fleurs_real,,train,read
train_0007.wav,recordings/fleurs16k/train_0007.wav,कल डाकघर ने नागरिकों और मीडिया को अपनी माफ़ी जारी की जिसमें पता चला कि लड़के ने नए साल के 429 पोस्टकार्ड सहित 600 से ज़्यादा डाक दस्तावेज़ों को छिपाया था जो उनके इच्छित प्राप्तकर्ता को नहीं दिए गए थे,fleurs,fleurs_real,,train,read
train_0008.wav,recordings/fleurs16k/train_0008.wav,इस मानसिकता का लक्ष्य गति तर्क और सटीकता है तथ्यों की पहचान मौजूदा तकनीकों को फिर से लागू करना और सूचना एकत्र करना है,fleurs,fleurs_real,,train,read
train_0009.wav,recordings/fleurs16k/train_0009.wav,पराग्वे जिसे पहले इंडीज का विशाल प्रांत कहा जाता था उसका जन्म 16वीं शताब्दी में स्वदेशी समूहों के साथ स्पेनिश विजेताओं की मुठभेड़ की वजह से हुआ था,fleurs,fleurs_real,,train,read
train_0010.wav,recordings/fleurs16k/train_0010.wav,"2,400 लोगों का मुख्य दल ट्रेंटन से नौ मील उत्तर की ओर नदी को पार करेगा और फिर दो समूहों में बंट जाएगा इसके बाद सुबह होने से पहले हमला करने के लिए एक समूह ग्रीन में और दूसरा सुलिवान में जाएगा",fleurs,fleurs_real,,train,read
train_0011.wav,recordings/fleurs16k/train_0011.wav,मूल रूप से आप अपनी मदद देने के लिए नोटिस पेश करेंगे जहाज की गति ठीक करेंगे उनकी नाव की सफाई करने वाले लोगों के पास जाएंगे बार में नाविकों से संपर्क बनाने की कोशिश आदि करेंगे,fleurs,fleurs_real,,train,read
train_0012.wav,recordings/fleurs16k/train_0012.wav,इसके अतिरिक्ता ऐसा करने में असफल होने के गंभीर परिणाम होते हैं अवसाद बढ़ना कुपोषण और अंततः मृत्यु,fleurs,fleurs_real,,train,read
train_0013.wav,recordings/fleurs16k/train_0013.wav,जीपीएस के लिए नए नक़्शों या जीपीएस डिवाइस खरीदने या कार रेंटल कंपनी से एक डिवाइस किराए पर लेने से खर्च होने वाले पैसों को यह बचा सकता है,fleurs,fleurs_real,,train,read
train_0014.wav,recordings/fleurs16k/train_0014.wav,1981 में एडवांस किस्म के आर्किड हाइब्रिड वांडा मिस जोआकिम को देश के राष्ट्रीय फूल के रूप में चुना गया था,fleurs,fleurs_real,,train,read
train_0015.wav,recordings/fleurs16k/train_0015.wav,फ़िलिप मासा के घायल हो जाने के बाद उनकी जगह फ़ॉर्मूला-1 चैंपियनशिप को सात बार जीतने वाले माइकल शूमाकर आने वाले थे शूमाकर ने साल 2006 में इस खेल से संन्यास ले लिया था,fleurs,fleurs_real,,train,read
train_0016.wav,recordings/fleurs16k/train_0016.wav,अगर आपके फ़ोन में डेटा कनेक्शन नहीं है या जब वह आउट ऑफ़ रेंज होता है तो उनका परफ़ॉर्मेंस सीमित या अनुपलब्ध हो सकता है,fleurs,fleurs_real,,train,read
train_0017.wav,recordings/fleurs16k/train_0017.wav,इस समय यह ज्ञात नहीं है कि क्या आरोप लगाया जाएगा या अधिकारियों ने उस बच्चे को क्यों पकड़ा लेकिन संघीय अदालत में किशोर कार्यवाही शुरू हो गई है,fleurs,fleurs_real,,train,read
train_0018.wav,recordings/fleurs16k/train_0018.wav,इसकी एक ही आणविक संरचना है चाहे वह गैस तरल या ठोस हो,fleurs,fleurs_real,,train,read
train_0019.wav,recordings/fleurs16k/train_0019.wav,यह शहर झरने के बगल में स्थित है और वे प्रमुख आकर्षण हैं लेकिन यह लोकप्रिय पर्यटन स्थल जोखिम पसंद करने वालों और सैर-सपाटा करनेवाले दोनों को लंबे समय तक ठहरने के ढेरों अवसर प्रदान करता है,fleurs,fleurs_real,,train,read
train_0020.wav,recordings/fleurs16k/train_0020.wav,एक कोर्स आम तौर पर 2 से 5 दिनों का होगा और उसमें भूमिका निभाना बहुत सारा प्राथमिक उपचार और कभी-कभी हथियारों का प्रशिक्षण भी शामिल होगा,fleurs,fleurs_real,,train,read
train_0021.wav,recordings/fleurs16k/train_0021.wav,बोबेक की तुलना में किसी और ने कभी भी क्लब के लिए ज़्यादा प्रदर्शन या ज़्यादा गोल नहीं किए हैं,fleurs,fleurs_real,,train,read
train_0022.wav,recordings/fleurs16k/train_0022.wav,उन्होंने कहा  कि अब हमारे पास 4 महीने उम्र वाले चूहे हैं जिन्हें मधुमेह नहीं है जो मधुमेह के रोगी थे। ,fleurs,fleurs_real,,train,read
train_0023.wav,recordings/fleurs16k/train_0023.wav,संस्कृत के अस्तित्व में आने के बारे में कई सिद्धांत हैं उनमें से एक आर्यों के पश्चिम से भारत आने का सिद्धांत है कि वह अपने साथ अपनी भाषा लेकर आए थे,fleurs,fleurs_real,,train,read
train_0024.wav,recordings/fleurs16k/train_0024.wav,अभी तक कई बंधकों को बचा लिया गया है और कम से कम छह के मारे जाने की पुष्टि हुई है,fleurs,fleurs_real,,train,read
train_0025.wav,recordings/fleurs16k/train_0025.wav,फ़र्नांडो अलोंसो के लिए एक शुरुआती पिट स्टॉप के बाद पिकेट जूनियर 2008 के सिंगापुर ग्रां प्री में दुर्घटनाग्रस्त हो गया,fleurs,fleurs_real,,train,read
train_0026.wav,recordings/fleurs16k/train_0026.wav,शोध में पाया गया है कि महिलाओं में पुरुषों की तुलना में एमएस होने की संभावना दो गुना अधिक होती है,fleurs,fleurs_real,,train,read
train_0027.wav,recordings/fleurs16k/train_0027.wav,सदस्यों की आयु नस्ल वर्ग स्थान और/या लिंग की वजह से उपसंस्कृतियों में अंतर हो सकता है,fleurs,fleurs_real,,train,read
train_0028.wav,recordings/fleurs16k/train_0028.wav,हालांकि वे आमतौर पर निजी स्वामित्व में होते हैं वे कभी-कभी राष्ट्राध्यक्षों और अन्य उच्चाधिकारियों को ठहरने की जगह देते हैं,fleurs,fleurs_real,,train,read
train_0029.wav,recordings/fleurs16k/train_0029.wav,इसका मतलब है कि हम अन्य मनुष्यों की समझ इरादा विश्वास अनुभव या इच्छा का सफलतापूर्वक अनुमान लगाने में सक्षम हैं,fleurs,fleurs_real,,train,read
train_0030.wav,recordings/fleurs16k/train_0030.wav,वे हाल ही में ब्रिस्बेन ओपन में रोनिक के खिलाफ हार गए थे,fleurs,fleurs_real,,train,read
train_0031.wav,recordings/fleurs16k/train_0031.wav,प्रदर्शनकारियों को आशा है कि वो नवंबर में राष्ट्रीय कांग्रेस के सामने प्रस्तुत करने के लिए 12 लाख हस्ताक्षर एकत्र करके एक याचिका बना लेंगे,fleurs,fleurs_real,,train,read
train_0032.wav,recordings/fleurs16k/train_0032.wav,ये प्रपात पूरे चंद्रमा पर पाए गए और न्यूनतम रूप से मौसम के कारण ख़राब हुए दिखाई देते हैं जो यह दर्शाता है कि किसी भूगर्भीय घटनाओं ने उन्हें हाल ही में बनाया था,fleurs,fleurs_real,,train,read
train_0033.wav,recordings/fleurs16k/train_0033.wav,शहर के धार्मिक महत्व के कारण और विशेष रूप से पुराने शहर क्षेत्र के कई स्थल यरूशलेम इज़रायल के प्रमुख पर्यटन स्थलों में से एक है,fleurs,fleurs_real,,train,read
train_0034.wav,recordings/fleurs16k/train_0034.wav,पर्यटकों का दौरा महंगा है शारीरिक फ़िटनेस की मांग केवल गर्मियों में नवंबर से फ़रवरी तक हो सकती है और काफी हद तक उपद्वीप द्वीप और रॉस सागर तक सीमित हैं,fleurs,fleurs_real,,train,read
train_0035.wav,recordings/fleurs16k/train_0035.wav,किसी ऐसे स्थान की ओर बढ़ें जहां आप फिर से जाकर न फंसें या फिर अपने कौशल और आप पर किसी का ध्यान गया है या नहीं इसके आधार पर हो सकता है कि आप बचाव के लिए इंतज़ार करना चाहें,fleurs,fleurs_real,,train,read
train_0036.wav,recordings/fleurs16k/train_0036.wav,सिख धर्म भारतीय उपमहाद्वीप का एक धर्म है यह 15वीं शताब्दी के दौरान पंजाब क्षेत्र में हिंदू परंपरा के भीतर एक सांप्रदायिक विभाजन से उत्पन्न हुआ था,fleurs,fleurs_real,,train,read
train_0037.wav,recordings/fleurs16k/train_0037.wav,अभी तक अमेरिका के अंदर अपने व्यापक उपयोग की वजह से aol अपनी खुद की रफ़्तार से im मार्केट को आगे बढ़ाने और विकसित करने लायक हुआ है,fleurs,fleurs_real,,train,read
train_0038.wav,recordings/fleurs16k/train_0038.wav,कई लोगों ने फरवरी की शुरुआत में कई हार्डवेयर और सॉफ़्टवेयर इस्तेमाल करके खोज की पुष्टि की है और मंगलवार को इसकी घोषणा की गई थी,fleurs,fleurs_real,,train,read
train_0039.wav,recordings/fleurs16k/train_0039.wav,पैसिफ़िक सुनामी चेतावनी केंद्र ने भी यह कहा कि सुनामी के कोई संकेत नहीं हैं,fleurs,fleurs_real,,train,read
train_0040.wav,recordings/fleurs16k/train_0040.wav,यह अत्यंत स्पष्ट है कि मानव जाति की वैज्ञानिक और तकनीकी प्रगति के कारण दुनिया बहुत बदल गई है तथा अधिक जनसंख्या और मानव जाति की अतिव्यई जीवन शैली के कारण समस्याएं बढ़ गई हैं,fleurs,fleurs_real,,train,read
train_0041.wav,recordings/fleurs16k/train_0041.wav,तेज़ बर्फबारी के अलावा मौसम की ख़राब स्थिति बचाव के प्रयासों में बाधा बन रही है,fleurs,fleurs_real,,train,read
train_0042.wav,recordings/fleurs16k/train_0042.wav,उन्होंने स्थानीय विश्वविद्यालय के छात्रों को ईमेल किया और उनको मुफ्त में रहने के लिए ढेर सारे प्रस्ताव प्राप्त हुए,fleurs,fleurs_real,,train,read
train_0043.wav,recordings/fleurs16k/train_0043.wav,उदाहरण के लिए अगर आप किसी को कार की खिड़की तोड़ते हुए देखते हैं तो आप शायद समझेंगे कि वह किसी अजनबी की कार चोरी करने की कोशिश कर रहा है,fleurs,fleurs_real,,train,read
train_0044.wav,recordings/fleurs16k/train_0044.wav,यह सिद्धांत इस दावे का खंडन करता है कि चांद पूरी तरह से भूगर्भीय गतिविधि से रहित है,fleurs,fleurs_real,,train,read
train_0045.wav,recordings/fleurs16k/train_0045.wav,परामर्श है कि यात्री चोरी न करें अनधिकार प्रवेश न करें अवैध बाजार में भाग न लें भीख नहीं मांगें या किसी भी प्रकार से अपने लाभ के लिए अन्य लोगों का शोषण न करें,fleurs,fleurs_real,,train,read
train_0046.wav,recordings/fleurs16k/train_0046.wav,बर्ड फ्लू या औपचारिक रूप से एवियन इन्फ्लूएंजा पक्षियों और स्तनधारियों दोनों को संक्रमित कर सकता है,fleurs,fleurs_real,,train,read
train_0047.wav,recordings/fleurs16k/train_0047.wav,चिंता न करें मरीना बीच पर पहुंचते ही आपको सब कुछ समझ में आ जाएगा आपको वहां नाव में अपने साथ यात्रा करने वाले अन्य यात्री मिलेंगे और वे आपको अपनी जानकारी बताएंगे,fleurs,fleurs_real,,train,read
train_0048.wav,recordings/fleurs16k/train_0048.wav,एसीएमए ने यह भी पाया कि वीडियो इंटरनेट पर स्ट्रीम होने के बावजूद बिग ब्रदर ने ऑनलाइन कंटेंट सेंसरशिप कानूनों का उल्लंघन नहीं किया था क्योंकि मीडिया बिग ब्रदर की वेबसाइट पर स्टोर नहीं किया गया था,fleurs,fleurs_real,,train,read
train_0049.wav,recordings/fleurs16k/train_0049.wav,मूल बिल को साओ पाउलो के पूर्व मेयर मार्ता सुपीली द्वारा तैयार किया गया था संशोधित होने के बाद प्रस्तावित कानून बन गया और अब यह रॉबर्टो जेफरसन के हाथों में है,fleurs,fleurs_real,,train,read
train_0050.wav,recordings/fleurs16k/train_0050.wav,ऐसा लगता है कि वास्तव में लोगों को यह विश्वास दिलाने का एक तरीका है कि उन्हें अधिक भुगतान करना होगा,fleurs,fleurs_real,,train,read
train_0051.wav,recordings/fleurs16k/train_0051.wav,भाग लेने वाले देश दुनिया की समस्याओं या अपने देश की संस्कृति और इतिहास को प्रदर्शित करने के लिए नेशनल पैविलियनों में कलात्मक और शैक्षिक प्रदर्शन प्रस्तुत करते हैं,fleurs,fleurs_real,,train,read
train_0052.wav,recordings/fleurs16k/train_0052.wav,जर्क उस दिन पहले इटली के कवरकियानो में प्री-सीज़न ट्रेनिंग के दौरान अभ्यास कर रहे थे वे रविवार को बोलोनिया के खिलाफ़ योजनाबद्ध मैच से पहले टीम होटल में ठहरे थे,fleurs,fleurs_real,,train,read
train_0053.wav,recordings/fleurs16k/train_0053.wav,उनके अंतर्गत अधिक मध्यम आकार की बिल्लियां होती हैं जो खरगोशों से लेकर मृगों और हिरणों तक के मध्यम आकार के शिकार खाती हैं,fleurs,fleurs_real,,train,read
train_0054.wav,recordings/fleurs16k/train_0054.wav,बीजिंग उद्घाटन और समापन समारोह और इनडोर बर्फ की स्पर्धाओं की मेजबानी करेगा,fleurs,fleurs_real,,train,read
train_0055.wav,recordings/fleurs16k/train_0055.wav,ओयापॉक रिवर ब्रिज एक केबल स्टे ब्रिज है यह ओयापॉक नदी को ब्राज़ील के ओयापॉक के शहरों और फ़्रेंच गियाना के सेंट-जॉर्जेज डि ओयापॉक को जोड़ता है,fleurs,fleurs_real,,train,read
train_0056.wav,recordings/fleurs16k/train_0056.wav,ग्रीक इतिहासकार स्ट्रैबो ने बाद में नाम लिखा जैसे की आज हमें पता है उसी रात को मंदिर को नष्ट कर दिया गया था जिस रात सिकंदर महान का जन्म हुआ,fleurs,fleurs_real,,train,read
train_0057.wav,recordings/fleurs16k/train_0057.wav,कई सामान्य प्रजातियों के साथ ही यहां दुलर्भ जीव-जंतु जैसे कि यूरोपीय भूरा भालू भेड़िया ईगल उल्लू वनबिलाव जंगली बिल्ली और कैपरकैलिली भी मिल सकते हैं,fleurs,fleurs_real,,train,read
train_0058.wav,recordings/fleurs16k/train_0058.wav,हमले ने भारत और पाकिस्तान के रिश्तों पर भारी तनाव डाला है,fleurs,fleurs_real,,train,read
train_0059.wav,recordings/fleurs16k/train_0059.wav,कई पूरे राष्ट्र अंग्रेजी में पूरी तरह से धाराप्रवाह हैं और उनसे भी अधिक में आप सीमित ज्ञान की आशा रख सकते हैं विशेष रूप से युवा लोगों में,fleurs,fleurs_real,,train,read
train_0060.wav,recordings/fleurs16k/train_0060.wav,ऐसा व्यक्ति जिसका वज़न धरती पर 200 पौंड 90 किलोग्राम हो io पर उसका वज़न लगभग 36 पौंड 16 किलोग्राम होगा. इसलिए गुरुत्वाकर्षण बेशक आप पर कम आकर्षण दिखाता है,fleurs,fleurs_real,,train,read
train_0061.wav,recordings/fleurs16k/train_0061.wav,ब्राज़ील की नेशनल कांग्रेस इस तरह के नागरिक विवाह को कानूनी मान्यता देने के लिए 10 सालों से चर्चा कर रही है जिसे फ़िलहाल सिर्फ़ रियो ग्रांडे डो सुल मान्यता प्राप्त है,fleurs,fleurs_real,,train,read
train_0062.wav,recordings/fleurs16k/train_0062.wav,सर रिचर्ड ब्रैनसन के वर्जिन समूह ने उन बैंको के लिए बोली लगाई थी जिन्हे राष्ट्रीयकरण से पहले अस्वीकार कर दिया गया था,fleurs,fleurs_real,,train,read
train_0063.wav,recordings/fleurs16k/train_0063.wav,जबकि अधिकांश कार्ड कहीं भी कॉल करने के लिए अच्छे हैं कुछ देशों के विशिष्ट समूहों को अनुकूल कॉल दरें प्रदान करने में विशेष हैं,fleurs,fleurs_real,,train,read
train_0064.wav,recordings/fleurs16k/train_0064.wav,आयुक्त ने कहा हम अभी तक मूल और टैरिफ रियायतों के नियमों पर सहमत नहीं हुए हैं लेकिन हमारे पास 1 जुलाई 2020 को व्यापार शुरू करने के लिए पर्याप्त ढांचा है,fleurs,fleurs_real,,train,read
train_0065.wav,recordings/fleurs16k/train_0065.wav,विदेश में रहने के बाद वापस घर लौटते समय आप नई संस्कृति को अपना चुके होते हैं और अपनी घरेलू संस्कृति की कई आदतें खो चुके होते हैं,fleurs,fleurs_real,,train,read
train_0066.wav,recordings/fleurs16k/train_0066.wav,इस उदाहरण में उद्यमी व्यवहार के पिछले उदाहरण की यादों और सफ़लताओं ने स्थानीय चर्च को नए बदलावों और निर्देशों के साथ खोलने में लोगों की मदद की,fleurs,fleurs_real,,train,read
train_0067.wav,recordings/fleurs16k/train_0067.wav,उन्होंने 2016 में राष्ट्रपति पद के लिए जीत हासिल करने का अनुमान लगाया है,fleurs,fleurs_real,,train,read
train_0068.wav,recordings/fleurs16k/train_0068.wav,ये प्रपात पूरे चंद्रमा पर पाए गए और न्यूनतम रूप से मौसम के कारण ख़राब हुए दिखाई देते हैं जो यह दर्शाता है कि किसी भूगर्भीय घटनाओं ने उन्हें हाल ही में बनाया था,fleurs,fleurs_real,,train,read
train_0069.wav,recordings/fleurs16k/train_0069.wav,नेशनल हरिकेन सेंटर के वैज्ञानिकों का पूर्वानुमान है कि डेनियल बुधवार तक शक्तिशाली तूफ़ान का रूप ले लेगा,fleurs,fleurs_real,,train,read
train_0070.wav,recordings/fleurs16k/train_0070.wav,ध्यान रखने वाले मुख्य वर्ण c और g है चूंकि उनका उच्चारण निम्न स्वर के आधार पर भिन्न होता है,fleurs,fleurs_real,,train,read
train_0071.wav,recordings/fleurs16k/train_0071.wav,गर्भपात की नैतिकता पर विचार करते समय एक महत्वपूर्ण सवाल जीवन कब शुरू होता है पर संभावित मामलों की बारीकियों पर टिप्पणी करने को अनैतिक बताते हुए रॉबर्ट्स ने इस पर अपने विचार प्रकट करने से साफ़-साफ़ मना कर दिया,fleurs,fleurs_real,,train,read
train_0072.wav,recordings/fleurs16k/train_0072.wav,ठीक 8:46 बजे सुबह पूरे शहर मे चुप्पी फैल गई ठीक उसी पल पहले जेट ने अपना निशाना बनाया,fleurs,fleurs_real,,train,read
train_0073.wav,recordings/fleurs16k/train_0073.wav,सभी मामलों में आपको एयरलाइन की बुकिंग सीधे फ़ोन से करनी होगी,fleurs,fleurs_real,,train,read
train_0074.wav,recordings/fleurs16k/train_0074.wav,अटेंशन डिफ़िसिट डिसऑर्डर एक न्यूरोलॉजिकल सिंड्रोम है जिसके तीन क्लासिक लक्षणों में आवेगशीलता ध्यान भंग होना और हाइपरएक्टिविटी या अधिक ऊर्जा शामिल है,fleurs,fleurs_real,,train,read
train_0075.wav,recordings/fleurs16k/train_0075.wav,बस को मिसौरी में सिक्स फ़्लैग्स सेंट लुइस की ओर ले जाया गया ताकि बैंड वह शो दे सके जिसकी सारी टिकटें बिक चुकी थी,fleurs,fleurs_real,,train,read
train_0076.wav,recordings/fleurs16k/train_0076.wav,छात्रावास के मेहमान अधिकतर संयुक्त अरब अमीरात के नागरिक थे,fleurs,fleurs_real,,train,read
train_0077.wav,recordings/fleurs16k/train_0077.wav,एक संशयवादी चेंबर्स की दलील थी कि उसका मुकदमा तुच्छ है और कोई भी किसी पर भी मुकदमा ठोंक सकता है,fleurs,fleurs_real,,train,read
train_0078.wav,recordings/fleurs16k/train_0078.wav,ऐसे प्रबंधक को सबकी सोच से अलग फै़सले लेने अनुशासन से जुड़ी कार्रवाई करने काम की जांच करने ज़िम्मेदारी देने और लोगों की ज़वाबदेही तय करने में परेशानी होती है,fleurs,fleurs_real,,train,read
train_0079.wav,recordings/fleurs16k/train_0079.wav,इस साल अप्रैल में जज ग्लिन ने जेल प्रशासन के खिलाफ अस्थाई बचाव आदेश दिया था इसमें ऐसे लोगों को ज़बरदस्ती 24 घंटों से ज़्यादा रखने पर पाबंदी है जो जेल में आने के बाद न्यायलय कमिश्नर के सामने पेश नहीं किए गए,fleurs,fleurs_real,,train,read
train_0080.wav,recordings/fleurs16k/train_0080.wav,केवल विनाशकारिता के प्रभाव न कि अवसाद व डर के नियमित साप्ताहिक संरचित pa सत्रों की शर्त पर थे,fleurs,fleurs_real,,train,read
train_0081.wav,recordings/fleurs16k/train_0081.wav,हील्स नीची और चौड़ी होनी चाहिए. आमतौर पर सड़कों या रास्ते में ट्रैक्शन सुधारने के लिए रेत कंकड़ या सॉल्ट कैल्शियम क्लोराइड फैली होती है,fleurs,fleurs_real,,train,read
train_0082.wav,recordings/fleurs16k/train_0082.wav,फ्लूक ने लिखा है कि कुछ लोगों ने महिलाओं द्वारा महिलाओं के स्वास्थ्य के बारे में बुलवाने का प्रयास किया जिसमें वे असफल रहे,fleurs,fleurs_real,,train,read
train_0083.wav,recordings/fleurs16k/train_0083.wav,ओहू पर एक गेज पर 6.34 इंच तक पहुंचने वाली नमी को लाभकारी बताया गया,fleurs,fleurs_real,,train,read
train_0084.wav,recordings/fleurs16k/train_0084.wav,इन वेबसाइट्स के सकारात्मक पहलू हैं जिनमें ब्लॉग वीडियो फ़ोटो और अन्य फ़ीचर्स वाले क्लास पेज को आसानी से सेटअप कर पाना शामिल है,fleurs,fleurs_real,,train,read
train_0085.wav,recordings/fleurs16k/train_0085.wav,उन्होंने 2016 में राष्ट्रपति पद के लिए जीत हासिल करने का अनुमान लगाया है,fleurs,fleurs_real,,train,read
train_0086.wav,recordings/fleurs16k/train_0086.wav,आज a1gp न्यूज़ीलैंड टीम के को-ड्राइवर जॉनी रेड ने न्यूज़ीलैंड के 48 साल से अधिक पुराने ऑकलैंड हार्बर ब्रिज पर वैधानिक रूप से सबसे तेज़ गाड़ी चलाकर इतिहास बनाया,fleurs,fleurs_real,,train,read
train_0087.wav,recordings/fleurs16k/train_0087.wav,इज़मिर तुर्की का तीसरा सबसे बड़ा शहर है जिसकी आबादी लगभग 3.7 मिलियन है जो इस्तांबुल के बाद दूसरा सबसे बड़ा बंदरगाह है और एक बहुत अच्छा परिवहन केंद्र है,fleurs,fleurs_real,,train,read
train_0088.wav,recordings/fleurs16k/train_0088.wav,ब्रिटिश अख़बार द गार्जियन के अनुसार ड्यूश बैंक ने इसे पूरा करने के लिए इस्तेमाल की जाने वाली 1200 शेल कंपनियों में से एक तिहाई को मोटे तौर पर नियंत्रित किया,fleurs,fleurs_real,,train,read
train_0089.wav,recordings/fleurs16k/train_0089.wav,टेम्पलर्स को समझने के लिए वह संदर्भ समझना ज़रूरी है जिसने आदेश दिए जाने की प्रेरणा दी थी,fleurs,fleurs_real,,train,read
train_0090.wav,recordings/fleurs16k/train_0090.wav,सुनिश्चित करें कि आप जानते हैं कि आप अन्दर क्या ला सकते हैं और क्या नहीं ला सकते हैं और कानूनी सीमा से अधिक कुछ भी हो तो उसे घोषित करें,fleurs,fleurs_real,,train,read
train_0091.wav,recordings/fleurs16k/train_0091.wav,आमतौर पर इन शैक्षणिक कार्यक्रमों में दाखिला लेने के लिए शिक्षण शुल्क देना होगा,fleurs,fleurs_real,,train,read
train_0092.wav,recordings/fleurs16k/train_0092.wav,जबकि प्रोजेक्ट आधारित लर्निंग को लर्निंग को और आसान और अधिक दिलचस्प बनाना चाहिए स्कैफोल्डिंग इससे भी एक कदम आगे जाती है,fleurs,fleurs_real,,train,read
train_0093.wav,recordings/fleurs16k/train_0093.wav,जर्क उस दिन पहले इटली के कवरकियानो में प्री-सीज़न ट्रेनिंग के दौरान अभ्यास कर रहे थे वे रविवार को बोलोनिया के खिलाफ़ योजनाबद्ध मैच से पहले टीम होटल में ठहरे थे,fleurs,fleurs_real,,train,read
train_0094.wav,recordings/fleurs16k/train_0094.wav,सारी दुनिया में जानवर पाए जाते हैं वे ज़मीन पर बिल बनाकर रहते हैं समुद्रों में तैरते और आसमान में उड़ते हैं,fleurs,fleurs_real,,train,read
train_0095.wav,recordings/fleurs16k/train_0095.wav,इन पर पहले भी कॉपीराइट उल्लंघन का आरोप लगाया जा चुका है लेकिन दोषी नहीं बनाया गया,fleurs,fleurs_real,,train,read
train_0096.wav,recordings/fleurs16k/train_0096.wav,इसका दूसरा पंजा बड़ा था जिससे इसका नाम हेस्पेरोनीकस पड़ा जिसका अर्थ है पश्चिमी पंजा,fleurs,fleurs_real,,train,read
train_0097.wav,recordings/fleurs16k/train_0097.wav,कई दशकों तक शामिल रहने वाले व्यक्तियों ने हमें मुश्किलों और यहाँ तक ​​कि विफलताओं का खुलकर मूल्यांकन करते हुए हमारी ताकत और जुनून की सराहना करने में मदद की,fleurs,fleurs_real,,train,read
train_0098.wav,recordings/fleurs16k/train_0098.wav,ज़यात को दुर्घटना में चोट नहीं लगी थी,fleurs,fleurs_real,,train,read
train_0099.wav,recordings/fleurs16k/train_0099.wav,जैसे किसी भारी गाड़ी को पहाड़ पर रोल करके चढ़ाया जा रहा हो न्यूक्लियस को फिर से विभाजित करना और उसमें से कुछ ऊर्जा निकालना,fleurs,fleurs_real,,train,read
train_0100.wav,recordings/fleurs16k/train_0100.wav,स्थानीय नल का पानी पीने के लिए एकदम सुरक्षित है लेकिन यदि आपको डर है तो बोतल बंद पानी आसानी से मिल जाता है,fleurs,fleurs_real,,train,read
train_0101.wav,recordings/fleurs16k/train_0101.wav,सदियों से लोगों ने समुद्र की ओर देखने वाली चट्टानों पर खड़े परिदृश्य ऊबड़-खाबड़ जगह पर सावधानी से छतों का निर्माण किया है,fleurs,fleurs_real,,train,read
train_0102.wav,recordings/fleurs16k/train_0102.wav,केवल जानवरों में दिमाग होता है हालाँकि सभी जानवरों में नहीं होता है; उदाहरण के लिए जेलीफ़िश में दिमाग नहीं होता है।,fleurs,fleurs_real,,train,read
train_0103.wav,recordings/fleurs16k/train_0103.wav,किसी फोटोग्राफर के लिए वन्यजीव सबसे चुनौतीपूर्ण रूपांकनों में से एक है और इसके लिए सही मौका धैर्य अनुभव और अच्छे उपकरणों का संयोजन होना आवश्यक होता है,fleurs,fleurs_real,,train,read
train_0104.wav,recordings/fleurs16k/train_0104.wav,ब्लेक को न्याय के दौरान न्याय-पथ को बिगाड़ने के प्रयास का भी दोषी ठहराया गया था,fleurs,fleurs_real,,train,read
train_0105.wav,recordings/fleurs16k/train_0105.wav,हर्शे और चेस के परीक्षण का एक प्रमुख सुझाव था कि dna एक जेनेटिक मटेरियल था,fleurs,fleurs_real,,train,read
train_0106.wav,recordings/fleurs16k/train_0106.wav,राष्ट्रीय तूफ़ान केंद्र एनएचसी का कहना है कि इस समय जैरी का ज़मीन को कोई खतरा नहीं है।,fleurs,fleurs_real,,train,read
train_0107.wav,recordings/fleurs16k/train_0107.wav,ओयापॉक रिवर ब्रिज एक केबल स्टे ब्रिज है यह ओयापॉक नदी को ब्राज़ील के ओयापॉक के शहरों और फ़्रेंच गियाना के सेंट-जॉर्जेज डि ओयापॉक को जोड़ता है,fleurs,fleurs_real,,train,read
train_0108.wav,recordings/fleurs16k/train_0108.wav,जैसे ही अलोंसो के आगे की कारें सेफ्टी कार के नीचे ईंधन लेने के लिए चली गईं वह जीत दर्ज करने के लिए आगे बढ़ गया,fleurs,fleurs_real,,train,read
train_0109.wav,recordings/fleurs16k/train_0109.wav,आपको अपनी बार-बार उड़ने वाली एयरलाइन को संधि में ध्यान से चुनना चाहिए,fleurs,fleurs_real,,train,read
train_0110.wav,recordings/fleurs16k/train_0110.wav,पूर्व में नाइज़ीरिया ने समिट से पहले सप्ताह में afcfta में शामिल होने की योजना की घोषणा की थी,fleurs,fleurs_real,,train,read
train_0111.wav,recordings/fleurs16k/train_0111.wav,कुछ जर्मन भिक्षु भगवान को लोगों के करीब लाना चाहते हैं इसलिए उन्होंने एस्टोनियाई शाब्दिक भाषा का आविष्कार किया,fleurs,fleurs_real,,train,read
train_0112.wav,recordings/fleurs16k/train_0112.wav,पनामा पेपर्स पनामा की कानूनी फर्म मोसाक फोंसेका से लगभग दस मिलियन दस्तावेजों के लिए एक शब्द युग्म है जिसे सन 2016 के वसंत में प्रेस को लीक कर दिया गया था,fleurs,fleurs_real,,train,read
train_0113.wav,recordings/fleurs16k/train_0113.wav,इसलिए अगर आप किनारे पर खड़े हैं आप सतह में नीचे मौजूद कंकड़ या कीचड़ देख सकेंगे,fleurs,fleurs_real,,train,read
train_0114.wav,recordings/fleurs16k/train_0114.wav,आजकल एआई सिस्टम का इस्तेमाल अक्सर अर्थशास्त्र दवाइयों इंजीनियरिंग और सैन्य क्षेत्रों में किया जाता है जैसा कि कई होम कंप्यूटर और वीडियो गेम सॉफ़्टवेयर ऐप्लिकेशन में बनाया गया है,fleurs,fleurs_real,,train,read
train_0115.wav,recordings/fleurs16k/train_0115.wav,मेट्रोप्लस ज़्यादा आरामदायक और कम भीड़ वाला होता है लेकिन यह थोड़ा ज़्यादा महंगा होता है हालांकि फिर भी यह यूरोप के सामान्य मेट्रो टिकिट से सस्ता है,fleurs,fleurs_real,,train,read
train_0116.wav,recordings/fleurs16k/train_0116.wav,स्टार्क के आदमियों ने उपनिवेशवादियों की स्थिति के उत्तरी छोर पर बाड़ के साथ-साथ अपनाी मोर्चा संभाला,fleurs,fleurs_real,,train,read
train_0117.wav,recordings/fleurs16k/train_0117.wav,ये एजेंट पाकिस्तानी संविधान के अनुच्छेद 247 के तहत सरकार और न्यायिक सेवाएं प्रदान करने के लिए ज़िम्मेदार हैं,fleurs,fleurs_real,,train,read
train_0118.wav,recordings/fleurs16k/train_0118.wav,पिटमैन के अनुसार पैक बर्फ की मात्रा और मोटाई पिछले 15 वर्षों में सीलर्स के लिए सबसे ख़राब है,fleurs,fleurs_real,,train,read
train_0119.wav,recordings/fleurs16k/train_0119.wav,सर्वे के नतीजे के मुताबिक सर्वे में शामिल 29 प्रतिशत लोगों का मानना है कि ऑस्ट्रेलिया को जल्द से जल्द एक गणतंत्र बन जाना चाहिए जबकि 31 प्रतिशत लोगों का मानना है कि ऑस्ट्रेलिया को कभी भी गणतंत्र नहीं बनना चाहिए,fleurs,fleurs_real,,train,read
train_0120.wav,recordings/fleurs16k/train_0120.wav,कई अनोखे जानवरों को खोजना मुश्किल है और कभी-कभी पार्कों में पैसे कमाने के मकसद से फ़ोटो लेने के मामले में नियम लागू हो सकते हैं,fleurs,fleurs_real,,train,read
train_0121.wav,recordings/fleurs16k/train_0121.wav,यह कहना कम है कि किसी लंबे समय तक रोलर कॉस्टर में फंस जाना असहज होगा और पहले व्यक्ति को सवारी पर से उतारने में कम से कम एक घंटा लगा था,fleurs,fleurs_real,,train,read
train_0122.wav,recordings/fleurs16k/train_0122.wav,सम्राट ऑगस्टस ने डॉक्टरों को भर्ती करना शुरू किया और यहां तक कि लड़ाई के बाद में उपयोग के लिए पहली रोमन मेडिकल कोर का गठन किया,fleurs,fleurs_real,,train,read
train_0123.wav,recordings/fleurs16k/train_0123.wav,इस कारण से आप जो कुछ भी टीवी पर देखते हैं उसमें ऊपर नीचे और दाएं-बाएं सीमाएं कटी होती हैं,fleurs,fleurs_real,,train,read
train_0124.wav,recordings/fleurs16k/train_0124.wav,जब खाना कम हो जाता है तो बस्ती बंजारा चरण शुरू करती है इस चरण में बस्ती अस्थाई घोंसले बनाती है जिन्हें प्रतिदिन बदला जाता है,fleurs,fleurs_real,,train,read
train_0125.wav,recordings/fleurs16k/train_0125.wav,डार्क एनर्जी पूरी तरह से अदृश्य शक्ति है जो ब्रह्मांड में हमेशा काम करती रहती है,fleurs,fleurs_real,,train,read
train_0126.wav,recordings/fleurs16k/train_0126.wav,"कुल 17,000 द्वीपों में से इंडोनेशियाई भोजन एक व्यापक शब्द है जो देश भर में पाए जाने वाले विभिन्न प्रकार के क्षेत्रीय व्यंजनों को अपने भीतर समाहित करता है",fleurs,fleurs_real,,train,read
train_0127.wav,recordings/fleurs16k/train_0127.wav,वन्यजीव फ़ोटोग्राफ़ी के लिए अक्सर एक लंबे टेलीफ़ोटो लेंस की आवश्यकता होती है हालांकि पक्षियों के झुंड या एक छोटे प्राणियों की फ़ोटोग्राफ़ी के लिए अन्य लेंस की आवश्यकता होती है,fleurs,fleurs_real,,train,read
train_0128.wav,recordings/fleurs16k/train_0128.wav,यात्रियों को पानी दिया गया क्योंकि वे 90 f - डिग्री गर्मी में इंतज़ार कर रहे थे,fleurs,fleurs_real,,train,read
train_0129.wav,recordings/fleurs16k/train_0129.wav,जापानी कार्य संस्कृति पश्चिमी लोगों की तुलना में अधिक श्रेणीबद्ध और औपचारिक है,fleurs,fleurs_real,,train,read
train_0130.wav,recordings/fleurs16k/train_0130.wav,अपराध और सामान्य तौर पर विदेशियों के प्रति दुर्भावना ग्रीनलैंड में वस्तुतः अज्ञात है यहां तक कि कस्बों में भी इस तरह के क्षेत्र नहीं हैं,fleurs,fleurs_real,,train,read
train_0131.wav,recordings/fleurs16k/train_0131.wav,जॉन निक्सन द्वारा डॉक्यूमेंट की पहली पब्लिक रीडिंग 8 जुलाई को इंडिपेंडेंस हॉल के यार्ड में की गई थी,fleurs,fleurs_real,,train,read
train_0132.wav,recordings/fleurs16k/train_0132.wav,दोनों पक्ष मुख्य सेमीफ़ाइनल में भिड़े जहां नूसा 11 अंकों से विजेता बने,fleurs,fleurs_real,,train,read
train_0133.wav,recordings/fleurs16k/train_0133.wav,हां सार्वजनिक परिवहन और अन्य कार्यालयों में भी स्पेनिश व्यापक रूप से इस्तेमाल की जाती है,fleurs,fleurs_real,,train,read
train_0134.wav,recordings/fleurs16k/train_0134.wav,यूरोपीय खोजकर्ताओं के आने के बाद कुछ ही सालों में स्पेनिश विजेता द्वारा टेनोस की आबादी काफी कम कर दी गई थी,fleurs,fleurs_real,,train,read
train_0135.wav,recordings/fleurs16k/train_0135.wav,जो मेडिकल शब्दजाल से अपरिचित हैं उन लोगों के लिए संक्रामक और सांसर्गिक शब्दों के अलग-अलग अर्थ हैं,fleurs,fleurs_real,,train,read
train_0136.wav,recordings/fleurs16k/train_0136.wav,मूल बिल को साओ पाउलो के पूर्व मेयर मार्ता सुपीली द्वारा तैयार किया गया था संशोधित होने के बाद प्रस्तावित कानून बन गया और अब यह रॉबर्टो जेफरसन के हाथों में है,fleurs,fleurs_real,,train,read
train_0137.wav,recordings/fleurs16k/train_0137.wav,जैसे कि ठंडे मौसम में सांस लेने की समस्याएं गर्म मौसम में आंतों की समस्याएं काफी आम हैं और ज़्यादातर मामलों में विशिष्ट रूप से कष्टदायक होती हैं लेकिन वास्तव में ख़तरनाक नहीं,fleurs,fleurs_real,,train,read
train_0138.wav,recordings/fleurs16k/train_0138.wav,वे नीदरलैंड में शामिल हैं जो अन्ना जोचेमसेन के साथ कल सुपर-जी में महिलाओं के स्टैंडिंग क्लास में नौवें स्थान पर रहा और फ़िनलैंड उसी प्रतियोगिता में काटजा सरीनन के साथ दसवें स्थान पर रहा,fleurs,fleurs_real,,train,read
train_0139.wav,recordings/fleurs16k/train_0139.wav,"कुल 17,000 द्वीपों में से इंडोनेशियाई भोजन एक व्यापक शब्द है जो देश भर में पाए जाने वाले विभिन्न प्रकार के क्षेत्रीय व्यंजनों को अपने भीतर समाहित करता है",fleurs,fleurs_real,,train,read
train_0140.wav,recordings/fleurs16k/train_0140.wav,शो में मूल रूप से पूर्वी टैक्सास के स्थानीय शौकिया वॉइस एक्टर्स को शामिल किया गया है,fleurs,fleurs_real,,train,read
train_0141.wav,recordings/fleurs16k/train_0141.wav,सूरज को देखते समय जो बाहरी भाग दिखाई देता है उसे फ़ोटोस्फ़ीयर पैनोरामा कहते हैं. इसका मतलब है  बॉल ऑफ लाइट,fleurs,fleurs_real,,train,read
train_0142.wav,recordings/fleurs16k/train_0142.wav,अधिकारियों के अनुमान के अनुसार साइट पर यूरेनियम ईंधन रखने वाले कंटेनर टूट गए होंगे और लीक हो रहे होंगे,fleurs,fleurs_real,,train,read
train_0143.wav,recordings/fleurs16k/train_0143.wav,पेनिनसुला के दक्षिणी क्षेत्र में एल्सवर्थ लैंड है जो बेल्लिंगशॉसेन समुद्र से घिरा हुआ है,fleurs,fleurs_real,,train,read
train_0144.wav,recordings/fleurs16k/train_0144.wav,कई बिश्केक निवासियों ने दक्षिण के प्रदर्शनकारियों को इस अराजकता के लिए दोषी ठहराया,fleurs,fleurs_real,,train,read
train_0145.wav,recordings/fleurs16k/train_0145.wav,किंग सेजोंग जोसन राजवंश के चौथे राजा थे और सबसे सम्माननीय माने जाते हैं,fleurs,fleurs_real,,train,read
train_0146.wav,recordings/fleurs16k/train_0146.wav,पिटमैन ने सुझाव दिया कि अगले सप्ताह कुछ समय तक स्थिति में सुधार नहीं होगा,fleurs,fleurs_real,,train,read
train_0147.wav,recordings/fleurs16k/train_0147.wav,प्रसारण सेवा अधिनियम इंटरनेट कंटेंट के लिए नियंत्रण प्रदान करता है हालांकि इसे इंटरनेट कंटेंट माना जाता है लेकिन इसे सर्वर पर भौतिक रूप से रहना चाहिए,fleurs,fleurs_real,,train,read
train_0148.wav,recordings/fleurs16k/train_0148.wav,तीली वाले पहियों के आविष्कार ने सैनिकों और अन्य रथों को आगे बढ़ाने के लिए असीरी रथों को हल्का तेज और बेहतर तरीके से तैयार बना दिया,fleurs,fleurs_real,,train,read
train_0149.wav,recordings/fleurs16k/train_0149.wav,बीच थीम पार्क्स और कैम्प ग्राउंड्स ऐसी आम जगहें हैं जहां पर अक्सर मनोरंजन चाहने वाले पर्यटक पहुंचते हैं,fleurs,fleurs_real,,train,read
train_0150.wav,recordings/fleurs16k/train_0150.wav,पोट्रो ने इस पॉइंट पर अपने कंधे का इलाज करवाया लेकिन खेल में वापसी करने में कामयाब रहे,fleurs,fleurs_real,,train,read
train_0151.wav,recordings/fleurs16k/train_0151.wav,बहुत से लोग उस दिन का सपना देखते हैं जब मनुष्य किसी दूसरे सितारे की यात्रा कर सकेंगे और दूसरी दुनिया का पता लगा सकेंगे कुछ लोग सोचते हैं कि वहां क्या हो सकता है जबकि कुछ अन्य मानते हैं कि दूसरें ग्रहाें पर एलिअन या अन्य जीव हो सकते हैं,fleurs,fleurs_real,,train,read
train_0152.wav,recordings/fleurs16k/train_0152.wav,अंदरूनी विषाक्तता का तुरंत पता नहीं चलता है इसके लक्षण सामान्य होते हैं जैसे कि उल्टी आना इसलिए इसका तुरंत निदान नहीं किया जा सकता है,fleurs,fleurs_real,,train,read
train_0153.wav,recordings/fleurs16k/train_0153.wav,जनवरी 2004 में कंप्यूटर प्रोग्रामर केसी फेन्टन ने आइसलैंड के लिए एक सस्ती उड़ान मिलने के बाद काउचसर्फिंग की स्थापना की लेकिन उसके पास रहने के लिए जगह नहीं थी,fleurs,fleurs_real,,train,read
train_0154.wav,recordings/fleurs16k/train_0154.wav,कुछ वर्षा के समय आंधी आई और बार-बार बिजली गिरी,fleurs,fleurs_real,,train,read
train_0155.wav,recordings/fleurs16k/train_0155.wav,"तीसरे में हैमलिन बीस अंकों से पीछे हैं लेकिन बोयर से पांच अंक आगे हैं काहने और ट्रूएक्स जूनियर क्रमशः 2,220 और 2,207 अंकों के साथ पांचवें और छठे स्थान पर हैं",fleurs,fleurs_real,,train,read
train_0156.wav,recordings/fleurs16k/train_0156.wav,हर ट्रेन में मेट्रो प्लस और मेट्रो डब्बे होते हैं मेट्रो प्लस डब्बे हमेशा ट्रेन के पीछे केप टाउन के पास होते हैं,fleurs,fleurs_real,,train,read
train_0157.wav,recordings/fleurs16k/train_0157.wav,होस्टल खास तौर पर युवा लोगों के लिए होते हैं इनमें ज़्यादातर बीस साल की उम्र के लोग रुकते हैं हालांकि आपको अक्सर यहां बड़ी उम्र के यात्री भी मिल सकते हैं,fleurs,fleurs_real,,train,read
train_0158.wav,recordings/fleurs16k/train_0158.wav,2 से ज़्यादा यात्री होने पर सरचार्ज लगेगा इसलिए यह विकल्प ज़रूरत से ज़्यादा महंगा पड़ सकता है,fleurs,fleurs_real,,train,read
train_0159.wav,recordings/fleurs16k/train_0159.wav,बच्चों के साथ वाले परिवार दिखना एक बहुत ही नामुमकिन सी बात है लेकिन कुछ होस्टल उनको निजी कमरे में रहने की अनुमति देते हैं,fleurs,fleurs_real,,train,read
train_0160.wav,recordings/fleurs16k/train_0160.wav,वॉकिंग सफारी जिसे  बुश वॉक”  हाइकिंग सफारी” या  पैदल चलना” भी कहा जाता है में कुछ दिनों या कई दिनों की हाइकिंग शामिल होती है,fleurs,fleurs_real,,train,read
train_0161.wav,recordings/fleurs16k/train_0161.wav,संयुक्त राज्य भूवैज्ञानिक सर्वेक्षण अंतरराष्ट्रीय भूकंप नक्शे से पहले सप्ताह में आइसलैंड में कोई भूकंप नहीं दिखा,fleurs,fleurs_real,,train,read
train_0162.wav,recordings/fleurs16k/train_0162.wav,"सात अंक पीछे रहने के बाद जॉनसन 2,243 अंक के साथ दूसरे नंबर पर है",fleurs,fleurs_real,,train,read
train_0163.wav,recordings/fleurs16k/train_0163.wav,इंटरएक्टिव डिज़ाइन के लिए ज़रूरी है कि आप मीडिया उत्पादन के बारे में अपनी मान्यताओं का पुनर्मूल्यांकन करें और सीधे तरीकों से सोचना सीखें,fleurs,fleurs_real,,train,read
train_0164.wav,recordings/fleurs16k/train_0164.wav,कैसिनो आमतौर पर मेहमानों द्वारा खर्च किए गए समय और धन को अधिकतम करने के लिए कई प्रयास करते हैं इसमें आमतौर पर खिड़कियां और घड़ियां नहीं होती हैं और बाहर जाने का रास्ता ढूंढना काफी कठिन हो सकता है,fleurs,fleurs_real,,train,read
train_0165.wav,recordings/fleurs16k/train_0165.wav,मा का जन्म हांगकांग में हुआ था उन्होंने न्यूयॉर्क विश्वविद्यालय और हार्वर्ड लॉ स्कूल में अध्ययन किया और उनके पास अमेरिका की स्थाई नागरिकता वाला ग्रीन कार्ड भी था,fleurs,fleurs_real,,train,read
train_0166.wav,recordings/fleurs16k/train_0166.wav,लेकिन क्या हमारी कल्पना वास्तविकता पर आधारित है महल बनाए ही क्यों गए थे उन्हें कैसे डिज़ाइन और बनाया गया था,fleurs,fleurs_real,,train,read
train_0167.wav,recordings/fleurs16k/train_0167.wav,हैंगी भोजन को जमीन में एक गर्म गड्ढे में पकाया जाता है,fleurs,fleurs_real,,train,read
train_0168.wav,recordings/fleurs16k/train_0168.wav,शिन्हुआ ने बताया कि सरकारी जांचकर्ताओं ने बुधवार को दो ब्लैक बॉक्स फ़्लाइट रिकॉर्डर बरामद किए हैं,fleurs,fleurs_real,,train,read
train_0169.wav,recordings/fleurs16k/train_0169.wav,1995 में उन्हें पार्टिज़न के इतिहास का सबसे शानदार खिलाड़ी चुना गया,fleurs,fleurs_real,,train,read
train_0170.wav,recordings/fleurs16k/train_0170.wav,दुर्घटना स्थल का आज पता लगाया गया और वह इतना दुर्गम था कि दो पुलिसवालों को जंगल में उतरा गया ताकि वह स्थल तक पहुंच पाएं और जीवित लोगों की तलाश कर पाएं,fleurs,fleurs_real,,train,read
train_0171.wav,recordings/fleurs16k/train_0171.wav,ठंड का मौसम शायद एकमात्र वास्तविक ख़तरा है जिसका सामना बिना तैयारी वालों को करना होगा,fleurs,fleurs_real,,train,read
train_0172.wav,recordings/fleurs16k/train_0172.wav,पिछले 3 महीनों में सेंट्रल बुकिंग फ़ेसिलिटी ने 80 से ज़्यादा लोगों को बिना कोई आधिकारिक आरोप लगाए रिहा कर दिया,fleurs,fleurs_real,,train,read
train_0173.wav,recordings/fleurs16k/train_0173.wav,जब किरायेदारों ने साझा करना शुरू किया कि उनके साथ क्या हुआ था तो इसमें शामिल ज़्यादातर परिवारों को अचानक पता चला कि ओएचए के कैरोलिन विल्सन ने उनकी सुरक्षा जमा राशि चुरा ली थी और शहर से भाग गया था,fleurs,fleurs_real,,train,read
train_0174.wav,recordings/fleurs16k/train_0174.wav,हां राजा तूतनखामन जिसे कभी-कभी राजा तूत या द ब्वॉय किंग कहा जाता है आधुनिक मिस्र के सबसे प्राचीन प्रसिद्ध राजाओं में से एक है,fleurs,fleurs_real,,train,read
train_0175.wav,recordings/fleurs16k/train_0175.wav,चेतावनी हटा लिए जाने के बावजूद हवाई समुद्र तट या उसके निकट स्थित चौदह विद्यालय बुधवार को बंद कर दिए गए,fleurs,fleurs_real,,train,read
train_0176.wav,recordings/fleurs16k/train_0176.wav,चूंकि इस रणनीति को सीमित प्रतिसाद ही मिला था इसलिए जर्मनी ने अपने अप्रतिबंधित पनडुब्बी युद्ध को लेकर भी इसी तरह के प्रतिसाद की उम्मीद की थी,fleurs,fleurs_real,,train,read
train_0177.wav,recordings/fleurs16k/train_0177.wav,आजकल कई sámi आधुनिक व्यापार में काम करते हैं sápmi जो कि sámi लोगों से बसा हुआ है में पर्यटन एक बहुत ही अहम् आमदनी का हिस्सा है।,fleurs,fleurs_real,,train,read
train_0178.wav,recordings/fleurs16k/train_0178.wav,अन्सा के अनुसार पुलिस शीर्ष स्तर के कुछ हिट्स से चिंतित थी उन्हें डर था कि वे उत्तराधिकार के लिए एक जंग छेड़ सकते हैं,fleurs,fleurs_real,,train,read
train_0179.wav,recordings/fleurs16k/train_0179.wav,डॉ. टोनी मोल ने दक्षिण अफ्रीकी क्षेत्र क्वाज़ुलु-नताल में अत्यंत दवा-रोधी क्षय रोग एक्सडीआर-टीबी की खोज की।,fleurs,fleurs_real,,train,read
train_0180.wav,recordings/fleurs16k/train_0180.wav,इसका मतलब है कि इस की हर कड़ी फिर से जोड़नी होगी ईथोपिया में रिफ़्ट वैली रिसर्च सर्विस के शोधकर्ता और अध्ययन के सह-लेखक बरहेन अस्फ़ॉ ने कहा,fleurs,fleurs_real,,train,read
train_0181.wav,recordings/fleurs16k/train_0181.wav,इन आरोपों के बावजूद मा ने चीनी महाद्वीप के साथ घनिष्ठ संबंधों की वकालत करते हुए एक मंच पर जीत हासिल की,fleurs,fleurs_real,,train,read
train_0182.wav,recordings/fleurs16k/train_0182.wav,शीर्ष के पास एक छोटी गुफ़ा है जिसे ऊपर से गुज़ारा जाना चाहिए यह काफी कम है और एक बहुत छोटा निचोड़ है,fleurs,fleurs_real,,train,read
train_0183.wav,recordings/fleurs16k/train_0183.wav,वास्तव में स्थानीय कोड का अवैध नकल पर कोई प्रभाव नहीं पड़ता बिल्कुल उसी तरह जैसे एक डिस्क की बिट-फॉर-बिट कॉपी किसी भी डिवाइस पर वैसी ही चलेगी जैसी असल डिस्क चलती है,fleurs,fleurs_real,,train,read
train_0184.wav,recordings/fleurs16k/train_0184.wav,कुछ देशों में पहले अपराध के लिए अत्यधिक सज़ा होती है इनमें 10 साल से अधिक की जेल की सज़ा या मौत भी शामिल हो सकती है,fleurs,fleurs_real,,train,read
train_0185.wav,recordings/fleurs16k/train_0185.wav,ज़्यादातर टेलीविज़न इस तरह से बनाए जाते हैं कि वे आम लोगों को खुश करें,fleurs,fleurs_real,,train,read
train_0186.wav,recordings/fleurs16k/train_0186.wav,शार्कों का अस्तित्व है हालांकि वे शायद ही कभी मनुष्यों पर हमला करते हैं अधिकांश शार्क मनुष्यों से डरते हैं और तैर कर दूर चले जाते हैं,fleurs,fleurs_real,,train,read
train_0187.wav,recordings/fleurs16k/train_0187.wav,हाइकिंग घर के बाहर की गतिविधि है जिसमें अक्सर प्राकृतिक वातावरण में हाइकिंग ट्रेल्स पर पैदल चलना होता है,fleurs,fleurs_real,,train,read
train_0188.wav,recordings/fleurs16k/train_0188.wav,गवर्नर ने यह भी कहा आज हमें पता चला है कि कुछ स्कूली उम्र के बच्चों की पहचान हुई है जिनका रोगी से संपर्क था,fleurs,fleurs_real,,train,read
train_0189.wav,recordings/fleurs16k/train_0189.wav,26 नवम्बर 2008 को मुंबई के हमलावर नाव के द्वारा पहुंचे और अपने साथ ग्रेनेड स्वचालित हथियार लेकर आए और भीड़भाड़ वाले छत्रपति शिवाजी टर्मिनस रेलवे स्टेशन और प्रसिद्ध ताज महल होटल सहित कई ठिकानों पर हमला किया,fleurs,fleurs_real,,train,read
train_0190.wav,recordings/fleurs16k/train_0190.wav,आज सुबह स्थानीय समय के अनुसार लगभग 10 बजे इस्लाम के पवित्र शहर मक्का में एक छात्रावास ढह गया,fleurs,fleurs_real,,train,read
train_0191.wav,recordings/fleurs16k/train_0191.wav,उदाहरण के लिए कोई कह सकता है कि मोटर कार आवश्यक रूप से सड़कों के विकास को प्रभावित करती हैं,fleurs,fleurs_real,,train,read
train_0192.wav,recordings/fleurs16k/train_0192.wav,फारसी में ज्यादातर सरल और नियमित व्याकरण है,fleurs,fleurs_real,,train,read
train_0193.wav,recordings/fleurs16k/train_0193.wav,कुछ सप्ताह पहले पत्रकार माकीस त्रिनताफेलोपोस द्वारा अपने लोकप्रिय टेलीविजन शो ज़ूंगला में अल्फा टीवी में प्रकाशित जानकारी के बाद संसद के सदस्य और वकील पेट्रोस मंतौवलोस को पदमुक्त कर दिया गया था क्योंकि उनके कार्यालय के सदस्य अवैध भ्रष्टाचार और भ्रष्टाचार में लिप्त थे तबाही के प्रभाव अवसाद और भय नियमित साप्ताहिक संरचित पीए सत्रों के सशर्त नहीं थे,fleurs,fleurs_real,,train,read
train_0194.wav,recordings/fleurs16k/train_0194.wav,इसके बाद इस्तांबुल स्टेट सिम्फनी ऑर्केस्ट्रा आया जो कि एक जनिसरी बैंड था जिसके गायक फेथ एरकोक और मुस्लुम गुरसेस थे,fleurs,fleurs_real,,train,read
train_0195.wav,recordings/fleurs16k/train_0195.wav,तेज़ बर्फबारी के अलावा मौसम की ख़राब स्थिति बचाव के प्रयासों में बाधा बन रही है,fleurs,fleurs_real,,train,read
train_0196.wav,recordings/fleurs16k/train_0196.wav,कातलान की राजधानी बार्सिलोना में जाने के बाद से विडाल ने क्लब के लिए 49 गेम खेले थे,fleurs,fleurs_real,,train,read
train_0197.wav,recordings/fleurs16k/train_0197.wav,इसका कुछ भाग जब सॉकेट के अंदर होता है अगर उस समय आप सॉकेट के अंदर या बल्ब के धातु के आधार को छूते हैं तो बल्ब के धातु का हिस्सा आपको एक गंभीर बिजली का झटका दे सकता है ऐसा इसलिए होता है क्योंकि सॉकेट में बिजली प्रवाहित होती है,fleurs,fleurs_real,,train,read
train_0198.wav,recordings/fleurs16k/train_0198.wav,यूरोप तक समुद्र के नीचे फाइबर ऑप्टिक केबल लिंक और ब्रॉडबैंड उपग्रह का धन्यवाद ग्रीनलैंड 93% आबादी के साथ इंटरनेट से अच्छी तरह से जुड़ा हुआ है,fleurs,fleurs_real,,train,read
train_0199.wav,recordings/fleurs16k/train_0199.wav,तेज़ बर्फबारी के अलावा मौसम की ख़राब स्थिति बचाव के प्रयासों में बाधा बन रही है,fleurs,fleurs_real,,train,read
train_0200.wav,recordings/fleurs16k/train_0200.wav,अवैध शराबों में मेथनॉल सहित विभिन्न ख़तरनाक अशुद्धियां हो सकती हैं जिनकी कम मात्रा भी अंधेपन या मृत्यु का कारण बन सकती हैं,fleurs,fleurs_real,,train,read
train_0201.wav,recordings/fleurs16k/train_0201.wav,ग्रीस की एक और मशहूर हस्ती गणितज्ञ पाइथागोरस जिन्हें समकोण त्रिकोण की भुजाओं पर बनी थ्योरम के लिए जाना जाता है,fleurs,fleurs_real,,train,read
train_0202.wav,recordings/fleurs16k/train_0202.wav,कई इमारतें देखने में काफी खूबसूरत हैं और एक ऊंची इमारत से या करीने से लगी खिड़की से दृश्य निहारना खूबसूरत हो सकता है,fleurs,fleurs_real,,train,read
train_0203.wav,recordings/fleurs16k/train_0203.wav,मूल रूप से वे दो श्रेणियों में आते हैं या तो यात्रा करते समय काम या अपने खर्चो को सिमित करने की कोशिश यह लेख बाद पर आधारित है,fleurs,fleurs_real,,train,read
train_0204.wav,recordings/fleurs16k/train_0204.wav,इस pbs शो को दो दर्जन से ज़्यादा एमी पुरस्कार मिल चुके हैं नियमित प्रसारण के मामले में यह सिर्फ़ सीसेम स्ट्रीट और मिस्टर रॉजर नेबरहुड से पीछे है,fleurs,fleurs_real,,train,read
train_0205.wav,recordings/fleurs16k/train_0205.wav,यह खेल फालुजा की दूसरी लड़ाई पर आधारित है जो अमेरिका और इराक की सेनाओं के बीच एक शातिर लड़ाई है,fleurs,fleurs_real,,train,read
train_0206.wav,recordings/fleurs16k/train_0206.wav,पहले और दूसरे विश्वयुद्ध में पनडुब्बियों का इस्तेमाल किया गया था लेकिन तब उनकी रफ़्तार काफ़ी धीमी और शूटिंग रेंज भी बहुत काफ़ी सीमित हुआ करती थी,fleurs,fleurs_real,,train,read
train_0207.wav,recordings/fleurs16k/train_0207.wav,ताज़ा-तरीन बुलेटिन के मुताबिक समुद्री स्तर की रीडिंग बताती है कि वहां सुनामी आई थी पागो पागो और नीयू के करीब सुनामी की कुछ गतिविधि पक्के तौर पर रिकॉर्ड की गई थी,fleurs,fleurs_real,,train,read
train_0208.wav,recordings/fleurs16k/train_0208.wav,अटलांटा में काम करने के दौरान वे मशहूर हुईं शहरी शिक्षा में नए तरीके अपनाने में उन्हें पहचान मिली,fleurs,fleurs_real,,train,read
train_0209.wav,recordings/fleurs16k/train_0209.wav,वैश्विक वित्तीय स्थिति के बारे में ज़ापात्रो ने कहा कि वित्तीय प्रणाली अर्थव्यवस्था का एक महत्वपूर्ण हिस्सा है,fleurs,fleurs_real,,train,read
train_0210.wav,recordings/fleurs16k/train_0210.wav,आर्टिस्टिक इवेंट कलात्मक कार्यक्रम भी बुखारेस्ट सिटी हॉल के कैंपेन का एक हिस्सा है जो रोमानिया की राजधानी की एक क्रिएटिव और रंगीन छवि को फिर से दिखाने की कोशिश है,fleurs,fleurs_real,,train,read
train_0211.wav,recordings/fleurs16k/train_0211.wav,इस तरह के कानून वाले कई देशों में स्थानीय होटल पंजीकरण संभाल लेंगे पूछना सुनिश्चित करें,fleurs,fleurs_real,,train,read
train_0212.wav,recordings/fleurs16k/train_0212.wav,250 साल बाद गिनीज़ एक वैश्विक व्यवसाय बन चुका है जो हर साल 10 बिलियन यूरो 14.7 बिलियन अमेरिकी डॉलर से ज़्यादा की कमाई करता है,fleurs,fleurs_real,,train,read
train_0213.wav,recordings/fleurs16k/train_0213.wav,पहिए ने विश्व को असाधारण रूप से बदला है सबसे बड़ी बात यह है कि पहिए ने हमें ज़्यादा आसान और तेज़ ट्रांस्पोर्टेशन देने का काम किया है,fleurs,fleurs_real,,train,read
train_0214.wav,recordings/fleurs16k/train_0214.wav,सिर्फ़ हैंगुल ही जानबूझ कर बनाया गया ऐसा वर्ण है जो आम बोली का हिस्सा है. इसे 1444 में राजा सेजौंग 1418 - 1450 के काल में बनाया गया था,fleurs,fleurs_real,,train,read
train_0215.wav,recordings/fleurs16k/train_0215.wav,हालांकि बाढ़ के बाद पानी का स्तर सिर्फ़ कुछ ही फ़ीट बढ़ेगा लेकिन अधिकारी उम्मीद कर रहे हैं कि यह निचले स्तर के सैंडबार्स को फिर से बहाल करने के लिए काफ़ी होगा,fleurs,fleurs_real,,train,read
train_0216.wav,recordings/fleurs16k/train_0216.wav,स्पेसवॉक के अंत तक स्पेस स्टेशन मिशन में पहले एक जाइरोस्कोप के नुकसान के बावजूद स्टेशन ने अपना रुख़ बनाए रखा,fleurs,fleurs_real,,train,read
train_0217.wav,recordings/fleurs16k/train_0217.wav,रीफ़ की कई यात्राएं पूरे साल की जाती हैं और इनमें से किसी भी वजह से रीफ़ पर कभी-कभार ही चोट पहुंचती है,fleurs,fleurs_real,,train,read
train_0218.wav,recordings/fleurs16k/train_0218.wav,अगर ड्रोन का इस्तेमाल कर रहे हैं तो पहले ही अच्छी तरह जांच लें कि आपको क्या फ़िल्म बनाने की अनुमति है और किस परमिट या अतिरिक्त लाइसेंस की ज़रूरत है,fleurs,fleurs_real,,train,read
train_0219.wav,recordings/fleurs16k/train_0219.wav,केन्या के नैरोबी स्थित यूनाइटेड स्टेट्स के दूतावास ने चेतावनी जारी की है कि सोमालिया के अतिवादी केन्या और इथियोपिया में आत्मघाती बम हमलों की योजना बना रहे हैं,fleurs,fleurs_real,,train,read
train_0220.wav,recordings/fleurs16k/train_0220.wav,हम सब बस सदमे में थे मां ने कहा,fleurs,fleurs_real,,train,read
train_0221.wav,recordings/fleurs16k/train_0221.wav,हम समय को भविष्य से वर्तमान होते हुए अतीत की ओर जाती हुई घटनाओं की एक श्रृंखला के रूप में अनुभव करते हैं,fleurs,fleurs_real,,train,read
train_0222.wav,recordings/fleurs16k/train_0222.wav,उन्हें सलाह/प्राधिकरण और दावा करने के लिए बीमाकर्ता का ई-मेल पता और अंतर्राष्ट्रीय फ़ोन नंबर दिखाने की ज़रूरत है,fleurs,fleurs_real,,train,read
train_0223.wav,recordings/fleurs16k/train_0223.wav,कोशिका सभी जीवित चीजों की मूल इकाई है और सभी जीव एक या एक से अधिक कोशिकाओं से बने हुए हैं,fleurs,fleurs_real,,train,read
train_0224.wav,recordings/fleurs16k/train_0224.wav,मक़बरे की शानदार मीनारें अब उसमें नहीं हैं लेकिन इन्हें हटाकर कैरो के इज़िप्शियन म्यूज़ियम में रख दिया गया है,fleurs,fleurs_real,,train,read
train_0225.wav,recordings/fleurs16k/train_0225.wav,वे प्रकाश के एक छोटे कण को उत्सर्जित करके ऐसा करते हैं जिसे फोटॉन कहा जाता है,fleurs,fleurs_real,,train,read
train_0226.wav,recordings/fleurs16k/train_0226.wav,कितने लोग हिंदी बोलते हैं इसका अनुमान निश्चित नहीं है इसका दुनिया में दूसरी और चौथी सबसे अधिक बोली जाने वाली भाषा के बीच होने का अनुमान है,fleurs,fleurs_real,,train,read
train_0227.wav,recordings/fleurs16k/train_0227.wav,वे सभी वहां से भाग गए जहां दुर्घटना हुई थी,fleurs,fleurs_real,,train,read
train_0228.wav,recordings/fleurs16k/train_0228.wav,चैथम आइलैंड्स पर एक और जनजाति भी मौजूद थी और ये माओरी जनजाति के लोग थे जो न्यूजीलैंड से आकर बसे थे,fleurs,fleurs_real,,train,read
train_0229.wav,recordings/fleurs16k/train_0229.wav,शहर-राज्य राष्ट्रों के अगुआ हैं एक सभ्यतागत संस्कृति का अर्थ है कई पीढ़ियों में ज्ञान का पारित होना एक टिका हुआ सांस्कृतिक पदचिह्न और निष्पक्ष प्रसार,fleurs,fleurs_real,,train,read
train_0230.wav,recordings/fleurs16k/train_0230.wav,आपको अपनी बार-बार उड़ने वाली एयरलाइन को संधि में ध्यान से चुनना चाहिए,fleurs,fleurs_real,,train,read
train_0231.wav,recordings/fleurs16k/train_0231.wav,फ़ेलिशिया एक बार सैफिर-सिम्पसन तूफ़ान पर श्रेणी 4 का तूफ़ान मंगलवार को फैलने से पहले एक उष्णकटिबंधीय अवसाद के लिए कमज़ार हो गया था,fleurs,fleurs_real,,train,read
train_0232.wav,recordings/fleurs16k/train_0232.wav,कोमेन की नीति ने योजनाबद्ध पितृत्व को एक लंबित जांच के कारण अयोग्य ठहराया कि कैसे योजनाबद्ध पितृत्व इसके पैसे बताता है और खर्च करता है जो प्रतिनिधि क्लिफ़ स्टर्न्स द्वारा संचालित किए जा रहे हैं,fleurs,fleurs_real,,train,read
train_0233.wav,recordings/fleurs16k/train_0233.wav,मनुष्यों में एक हज़ार से अधिक मामले सामने आए हैं लेकिन उनमें से कुछ घातक रहे हैं,fleurs,fleurs_real,,train,read
train_0234.wav,recordings/fleurs16k/train_0234.wav,लोगों की भीड़ ने राजा और रानी को अपनी गाड़ी की खिड़की खोलने के लिए मजबूर किया,fleurs,fleurs_real,,train,read
train_0235.wav,recordings/fleurs16k/train_0235.wav,पहिए ने विश्व को असाधारण रूप से बदला है सबसे बड़ी बात यह है कि पहिए ने हमें ज़्यादा आसान और तेज़ ट्रांस्पोर्टेशन देने का काम किया है,fleurs,fleurs_real,,train,read
train_0236.wav,recordings/fleurs16k/train_0236.wav,हर्शे और चेस के परीक्षण का एक प्रमुख सुझाव था कि dna एक जेनेटिक मटेरियल था,fleurs,fleurs_real,,train,read
train_0237.wav,recordings/fleurs16k/train_0237.wav,18 मार्च 1965 को उन्होंने अंतरिक्ष यान के बाहर अकेले बारह मिनट से ज़्यादा समय तक रहकर पहली मानवयुक्त चहलकदमी ईवीए या  स्पेसवॉक” किया,fleurs,fleurs_real,,train,read
train_0238.wav,recordings/fleurs16k/train_0238.wav,उच्च मध्य युग आरंभिक मध्य युग से पहले हुआ था और उसके बाद आधुनिक मध्य युग आया जिसका समापन 1500 के आसपास माना जाता है,fleurs,fleurs_real,,train,read
train_0239.wav,recordings/fleurs16k/train_0239.wav,डिप्टी इंस्पेक्टर डी के आर्य ने कहा हमने स्विस महिला के साथ बलात्कार करने वाले पांच लोगों को गिरफ्तार किया है और उनसे उस महिला का मोबाइल और लैपटॉप बरामद किया है,fleurs,fleurs_real,,train,read
train_0240.wav,recordings/fleurs16k/train_0240.wav,इसे यह सुनिश्चित करने के लिए बनाया गया है ताकि तस्वीर पूरी स्क्रीन को कवर करे इसे ओवरस्कैन कहा जाता है,fleurs,fleurs_real,,train,read
train_0241.wav,recordings/fleurs16k/train_0241.wav,निजी संपत्ति पर या किसी भी आकार के शहर में तम्बू गाढ़ना करना आसानी से बिना जरुरत के ध्यान को आकर्षित कर सकता है,fleurs,fleurs_real,,train,read
train_0242.wav,recordings/fleurs16k/train_0242.wav,दोनों पक्ष मुख्य सेमीफ़ाइनल में भिड़े जहां नूसा 11 अंकों से विजेता बने,fleurs,fleurs_real,,train,read
train_0243.wav,recordings/fleurs16k/train_0243.wav,न्यूक्लियस दो कणों न्यूट्रॉन और प्रोटॉन से मिलकर बनता है,fleurs,fleurs_real,,train,read
train_0244.wav,recordings/fleurs16k/train_0244.wav,इतना कहने के बाद सांस में तकलीफ होने की उम्मीद रखें और खड़े भागों में ध्यान रखें विशेषकर जब गीले हों क्योंकि यह जल्दी ही खतरनाक हो सकता है,fleurs,fleurs_real,,train,read
train_0245.wav,recordings/fleurs16k/train_0245.wav,स्थानीय नल का पानी पीने के लिए एकदम सुरक्षित है लेकिन यदि आपको डर है तो बोतल बंद पानी आसानी से मिल जाता है,fleurs,fleurs_real,,train,read
train_0246.wav,recordings/fleurs16k/train_0246.wav,मोंटेवीडियो सबट्रॉपिक्स में है गर्मियों के महीनों में + 30° c से अधिक तापमान रहना आम बात है,fleurs,fleurs_real,,train,read
train_0247.wav,recordings/fleurs16k/train_0247.wav,ऑस्ट्रेलिया के ट्रेज़रार और लिबरल पार्टी के नेता के रूप में प्रधानमंत्री जॉन हॉवर्ड की जगह लेने वाले पीटर कास्टेलो ने ऑस्ट्रेलिया में न्यूक़्लियर पॉवर इंडस्ट्री को अपना समर्थन दे दिया है,fleurs,fleurs_real,,train,read
train_0248.wav,recordings/fleurs16k/train_0248.wav,हज़ार साल पुराने खंडहरों के बीच खड़े होकर भी लंबे समय से चली आ रही लड़ाइयों की आवाज़ और खुशबू को मन में लाना आसान है लगभग कोयलों पर खुरों की खटपट सुनने और कालकोठरी के कब्रों से उठने वाले डर को सूंघने जैसा,fleurs,fleurs_real,,train,read
train_0249.wav,recordings/fleurs16k/train_0249.wav,apple के सीईओ स्टीव जॉब्स ने मंच पर चढ़ कर और अपनी जींस की जेब से आईफ़ोन निकालकर डिवाइस का अनावरण किया,fleurs,fleurs_real,,train,read
train_0250.wav,recordings/fleurs16k/train_0250.wav,कोमेन संस्था की प्रवक्ता लेज़ली उन ने बताया कि संस्था के नए नियम के अनुसार ऐसी संस्थाओं को मदद या पैसे नहीं दिए जाएंगे जिन पर कानूनी जांच चल रही है,fleurs,fleurs_real,,train,read
train_0251.wav,recordings/fleurs16k/train_0251.wav,द डेली शो और द कोलबर्ट रिपोर्ट से बहुत पहले जब वे 1988 में uw में छात्र थे तो हेक और जॉनसन ने एक प्रकाशन की कल्पना की जो समाचार और समाचार रिपोर्टिंग की पैरोडी करेगा -,fleurs,fleurs_real,,train,read
train_0252.wav,recordings/fleurs16k/train_0252.wav,हालांकि मलेशिया में कम से कम ग्रामीण क्षेत्रों में मलेशिया के लोगों के बीच इसका मतलब है मिलने आओ जैसे शरीर की तरफ़ इशारा करती हुई तर्जनी अंगुली के समान एक हाव-भाव जो कुछ पश्चिमी देशों में इस्तेमाल किया जाता है और केवल उसी उद्देश्य के लिए इस्तेमाल किया जाना चाहिए,fleurs,fleurs_real,,train,read
train_0253.wav,recordings/fleurs16k/train_0253.wav,खास पिरामिड के आकार के टॉवर पगोडा जिन्हें कभी-कभी ज़िगुरैट के नाम से भी जाना जाता था को मंदिर के हिस्से के तौर पर बनाया गया था,fleurs,fleurs_real,,train,read
train_0254.wav,recordings/fleurs16k/train_0254.wav,सर्कुलेटरी सिस्टम का मुख्य अंग हृदय है जो रक्त को पंप करता है,fleurs,fleurs_real,,train,read
train_0255.wav,recordings/fleurs16k/train_0255.wav,एक स्वस्थ ऊर्जा संतुलन बनाए रखना प्रभावी जलयोजन आदतें बनाना और सप्लीमेंटेशन के विभिन्न पहलुओं को समझना एथलीटों को अपने प्रदर्शन को बेहतर बनाने और खेल का आनंद बढ़ाने में मदद कर सकता है,fleurs,fleurs_real,,train,read
train_0256.wav,recordings/fleurs16k/train_0256.wav,शोधकर्ताओं ने मेलामाइन और सियानुरिक एसिड को मिलाने से बिल्ली के मूत्र में क्रिस्टल्स को बनते देखा,fleurs,fleurs_real,,train,read
train_0257.wav,recordings/fleurs16k/train_0257.wav,यदि आप ठंड के मौसम में ग्रीनलैंड की यात्रा करते हैं यह देखते हुए कि आगे आप जितना उत्तर की ओर जाएँगे उतनी ठंड बढ़ेगी तो पर्याप्त गर्म कपड़े लाना आवश्यक है।,fleurs,fleurs_real,,train,read
train_0258.wav,recordings/fleurs16k/train_0258.wav,लताविया और स्लोवाकिया दोनों ने acta में शामिल होने की प्रक्रिया में देरी की,fleurs,fleurs_real,,train,read
train_0259.wav,recordings/fleurs16k/train_0259.wav,हालांकि स्टार एलायंस में पूर्वी दक्षिण प्रशांत को छोड़कर सैंटियागो डे चिली से ताहिती तक सब कुछ शामिल है जो latam oneworld फ्लाइट है,fleurs,fleurs_real,,train,read
train_0260.wav,recordings/fleurs16k/train_0260.wav,अपने खुद के मार्क्स पर लिखने के लिए स्वतंत्र महसूस करें लेकिन याद रखें कि म्यूज़िकल कारणों से प्रिंटेड बोइंग मार्क्स भी होते हैं इसलिए आमतौर पर उनका सम्मान करना चाहिए,fleurs,fleurs_real,,train,read
train_0261.wav,recordings/fleurs16k/train_0261.wav,नशे में ड्राइव करने से एक बात के लिए उत्तरी न्यू मैक्सिको की ख़ास समस्याएं हैं और नशे में धुत ड्राइवरों का ध्यान छोटे शहर के शराबख़ानों के ज़्यादा क़रीब होता है,fleurs,fleurs_real,,train,read
train_0262.wav,recordings/fleurs16k/train_0262.wav,बड़े वाहनों से अलग आप संभवतया पहले से ही अपनी कार को चलाने में अभ्यस्त हैं और अपनी सीमाएं जानते हैं,fleurs,fleurs_real,,train,read
train_0263.wav,recordings/fleurs16k/train_0263.wav,परंपरागत रूप से तख़्त का उत्तराधिकारी स्कूली शिक्षा पूरी करने के बाद सीधे सेना में जाएगा,fleurs,fleurs_real,,train,read
train_0264.wav,recordings/fleurs16k/train_0264.wav,स्पेसवॉक के अंत तक स्पेस स्टेशन मिशन में पहले एक जाइरोस्कोप के नुकसान के बावजूद स्टेशन ने अपना रुख़ बनाए रखा,fleurs,fleurs_real,,train,read
train_0265.wav,recordings/fleurs16k/train_0265.wav,वे हाल ही में ब्रिस्बेन ओपन में रोनिक के खिलाफ हार गए थे,fleurs,fleurs_real,,train,read
train_0266.wav,recordings/fleurs16k/train_0266.wav,शक्ति का संतुलन एक तरह की व्यवस्था थी इस व्यवस्था के अंतर्गत सभी यूरोपीय राष्ट्रों ने एक-दूसरे की राष्ट्रीय संप्रभुता का सम्मान करने की मांग की,fleurs,fleurs_real,,train,read
train_0267.wav,recordings/fleurs16k/train_0267.wav,चलिए इटली की योजनाओं के बारे में बताते हैं इटली मुख्य रूप से जर्मनी और जापान का छोटा भाई था,fleurs,fleurs_real,,train,read
train_0268.wav,recordings/fleurs16k/train_0268.wav,मानव प्रजाति दूसरों का दिमाग पढ़ने वाली अब तक की सबसे प्रतिभाशाली प्रजाति है,fleurs,fleurs_real,,train,read
train_0269.wav,recordings/fleurs16k/train_0269.wav,एयू व्यापार और उद्योग आयुक्त अल्बर्ट मुचांगा ने बेनिन के शामिल होने की घोषणा की,fleurs,fleurs_real,,train,read
train_0270.wav,recordings/fleurs16k/train_0270.wav,एक तारे की रॉस्बी संख्या जो प्लाज़्मा फ़्लो से संबंधित है का पता लगाने के लिए उसकी चमक और रोटेशन का एक साथ इस्तेमाल किया जाता है,fleurs,fleurs_real,,train,read
train_0271.wav,recordings/fleurs16k/train_0271.wav,सैकड़ों घंटे तक कार्य करने के बाद बल्ब का फिलामेंट जल जाता है और इसके बाद लाइट बल्ब काम नहीं करता,fleurs,fleurs_real,,train,read
train_0272.wav,recordings/fleurs16k/train_0272.wav,दूरस्थ स्थानों में सेल फ़ोन कवरेज नहीं होने से एक सेटेलाइट फ़ोन आपका एकमात्र विकल्प हो सकता है,fleurs,fleurs_real,,train,read
train_0273.wav,recordings/fleurs16k/train_0273.wav,लॉकवुड गार्डन के किरायेदारों का मानना ​​है कि अन्य 40 परिवार या उससे ज़्यादा बेदखली का सामना कर सकते हैं चूँकि उन्हें पता चला है कि ओएचए पुलिस ऑकलैंड में अन्य सार्वजनिक आवास संपत्तियों की जाँच कर रही है जो आवास घोटाले में पकड़े जा सकते हैं,fleurs,fleurs_real,,train,read
train_0274.wav,recordings/fleurs16k/train_0274.wav,यरुशलम में कई ऐतिहासिक पुरातत्व और सांस्कृतिक स्थल साथ ही जीवंत और भीड़ भरे शॉपिंग सेंटर कैफ़े और रेस्तरां भी हैं,fleurs,fleurs_real,,train,read
train_0275.wav,recordings/fleurs16k/train_0275.wav,छोटी संस्कृतियां बिना बड़े ऐतिहासिक सबूतों के खत्म हो जाती हैं और उन्हें सभ्यता का दर्जा नहीं मिल पाता,fleurs,fleurs_real,,train,read
train_0276.wav,recordings/fleurs16k/train_0276.wav,बवंडर पेड़ उखाड़ देते हैं इमारतों से बोर्ड उखाड़ देते हैं और कारों को आसमान में उड़ा देते हैं सबसे अधिक हिंसक दो प्रतिशत बवंडर तीन से अधिक घंटों तक बने रहते हैं,fleurs,fleurs_real,,train,read
train_0277.wav,recordings/fleurs16k/train_0277.wav,तुर्की एयरलाइंस 2014 से 30 अफ़्रीकी देशों में 39 गंतव्यों के लिए उड़ान भरती है,fleurs,fleurs_real,,train,read
train_0278.wav,recordings/fleurs16k/train_0278.wav,पहली बार पिछले साल चीन ने जर्मनी की तुलना में अधिक कारों का निर्यात किया और इस व्यवसाय क्षेत्र के सबसे बड़े बाजार के संयुक्त राज्य अमेरिका से आगे निकल गया,fleurs,fleurs_real,,train,read
train_0279.wav,recordings/fleurs16k/train_0279.wav,स्थानीय समय 0230 utc के मुताबिक करीब 9:30 बजे jas 39c gripen रनवे पर धमाके के साथ दुर्घटनाग्रस्त हो गया जिसकी वजह से वाणिज्यिक उड़ानों के लिए हवाई अड्डे को बंद कर दिया गया,fleurs,fleurs_real,,train,read
train_0280.wav,recordings/fleurs16k/train_0280.wav,वे हाल ही में ब्रिस्बेन ओपन में रोनिक के खिलाफ हार गए थे,fleurs,fleurs_real,,train,read
train_0281.wav,recordings/fleurs16k/train_0281.wav,अपनी जेब में 4 सेंट्स कविता की एक पुस्तक और उनके थॉमस एडिसन को संबोधित सिफारिशी चिट्ठी पिछली नौकरी के मैनेजर द्वारा लिखी लेकर वे अमरीका पहुंचे,fleurs,fleurs_real,,train,read
train_0282.wav,recordings/fleurs16k/train_0282.wav,जबकि उनके अधिकतर व्यंजन हमारे लिए जाने-पहचाने होंगे रोमनों ने अपने हिस्से को अजीब या असामान्य दावत वस्तुओं में शामिल किया जिनमें जंगली सूअर मोर घोंघे और एक प्रकार का रोडेंट कृंतक शामिल है जिसे डॉर्महाउस कहा जाता है,fleurs,fleurs_real,,train,read
train_0283.wav,recordings/fleurs16k/train_0283.wav,"उन्होंने स्वीडन और 28 दूसरे देशों के लिए 1,000 से ज़्यादा स्टैम्प बनाए",fleurs,fleurs_real,,train,read
train_0284.wav,recordings/fleurs16k/train_0284.wav,इस प्रक्रिया का पालन करते हुए hjr-3 की प्रक्रिया में बने रहने के लिए 2015 या 2016 में अगले निर्वाचित विधानसभा द्वारा फिर से समीक्षा की जाएगी,fleurs,fleurs_real,,train,read
train_0285.wav,recordings/fleurs16k/train_0285.wav,शायद सबसे सामान्य पर्यटन वह हो सकता जिसमें ज़्यादातर लोग मनोरंजन वाली पर्यटन की जगहों पर यात्रा करने में दिलचस्पी लेते हैं,fleurs,fleurs_real,,train,read
train_0286.wav,recordings/fleurs16k/train_0286.wav,टोक्यो जिसने 1964 में खेलों की मेजबानी की थी दो ग्रीष्मकालीन खेलों की मेजबानी करने वाला एकमात्र एशियाई शहर होगा,fleurs,fleurs_real,,train,read
train_0287.wav,recordings/fleurs16k/train_0287.wav,अगर फ़्लैश न हो तो यह कम रोशनी में सस्ते ज़ूम लेंस का इस्तेमाल करना कठिन बनाता है,fleurs,fleurs_real,,train,read
train_0288.wav,recordings/fleurs16k/train_0288.wav,अधिकारियों को खतरे की सच्चाई के बारे में पता नहीं है इसलिए मैरीलैंड परिवहन प्राधिकरण ने एफबीआई के कहने पर इसकी छानबीन बंद कर दी है,fleurs,fleurs_real,,train,read
train_0289.wav,recordings/fleurs16k/train_0289.wav,इंटरनेट और वर्ल्ड वाइड वेब के उपयोग से शिक्षार्थियों को हर वक्त जानकारी प्राप्त करने की सुविधा मिलती है,fleurs,fleurs_real,,train,read
train_0290.wav,recordings/fleurs16k/train_0290.wav,कैसिनो आमतौर पर मेहमानों द्वारा खर्च किए गए समय और धन को अधिकतम करने के लिए कई प्रयास करते हैं इसमें आमतौर पर खिड़कियां और घड़ियां नहीं होती हैं और बाहर जाने का रास्ता ढूंढना काफी कठिन हो सकता है,fleurs,fleurs_real,,train,read
train_0291.wav,recordings/fleurs16k/train_0291.wav,इस बात में पूरी तरह निश्चिंत हो जाएं कि आपने जिस एजेंट के जरिए बुक किया है वह जहाजों की कई किस्मों के अच्छे ज्ञान के साथ एक गैलापागोस का विशेषज्ञ है,fleurs,fleurs_real,,train,read
train_0292.wav,recordings/fleurs16k/train_0292.wav,जब अधिकारी मतदाता की पहचान की पुष्टि कर लेते हैं तब मतदाता लिफ़ाफ़े को बैलट बॉक्स में डालता है और वोटिंग रोल पर हस्ताक्षर कर देता है,fleurs,fleurs_real,,train,read
train_0293.wav,recordings/fleurs16k/train_0293.wav,टोंगा में कोई बड़ी क्षति या चोट की सूचना नहीं मिली है लेकिन बिजली अस्थाई रूप से चली गई थी जिसके कारण कथित तौर पर टोंगन अधिकारियों को पीटीडब्ल्यूसी द्वारा जारी सूनामी चेतावनी मिलना रुक गई थी,fleurs,fleurs_real,,train,read
train_0294.wav,recordings/fleurs16k/train_0294.wav,हम इस प्रक्रिया को प्रजातिकरण कहते हैं जिसका अर्थ है नई प्रजातियों का गठन प्रजातिकरण एक अच्छा कदम है और विकास का एक बहुत महत्वपूर्ण हिस्सा है,fleurs,fleurs_real,,train,read
train_0295.wav,recordings/fleurs16k/train_0295.wav,प्रोटॉन का धनात्मक विद्युत आवेश होता है जबकि न्यूट्रॉन का कोई आवेश नहीं होता इलेक्ट्रॉन्स का नकारात्मक विद्युत आवेश होता है,fleurs,fleurs_real,,train,read
train_0296.wav,recordings/fleurs16k/train_0296.wav,मेरे जैसे एक दोषी का समर्थन करने वालों का धन्यवाद सिरीपॉर्न ने एक संवाददाता सम्मेलन में ऐसा कहा,fleurs,fleurs_real,,train,read
train_0297.wav,recordings/fleurs16k/train_0297.wav,ईबे या क्रेगलिस्ट जैसी नीलामी वेबसाइटों के माध्यम से ऑनलाइन बेचे जाने वाले कई टिकट आंशिक रूप से उपयोग किए गए बहु-दिवसीय पार्क-हॉपर टिकट होते हैं,fleurs,fleurs_real,,train,read
train_0298.wav,recordings/fleurs16k/train_0298.wav,पिछले महीने पोलैंड में बड़े विरोध प्रदर्शन हुए थे जब उस देश ने एसीटीए पर हस्ताक्षर किए थे जिसके कारण पोलैंड की सरकार ने इस समझौते अभी मंजूर नहीं करने का फैसला किया है,fleurs,fleurs_real,,train,read
train_0299.wav,recordings/fleurs16k/train_0299.wav,खिलाड़ियों को लग सकता है कि उन्हें कोई उत्पाद अधिक पसंद हैं जबकि वह कोई वास्तविक लाभ भी न देता हो,fleurs,fleurs_real,,train,read
train_0300.wav,recordings/fleurs16k/train_0300.wav,अगर कोई सवार घोड़े से फ़िंका जाता है लेकिन उसका पैर रकाब में फंस जाता है तो घोड़े के भागने पर सवार खींचा जा सकता है इस जोखिम को कम करने के लिए कई सुरक्षा उपाय किए जा सकते हैं,fleurs,fleurs_real,,train,read
train_0301.wav,recordings/fleurs16k/train_0301.wav,पूर्वानुमान कहते हैं कि यह तूफ़ान केप वर्डे द्वीपों के पश्चिम में लगभग 645 मील 1040 किमी की दूरी पर स्थित है जिसके किसी भी भूमि क्षेत्रों में नुकसान करने से पहले समाप्त होने की संभावना है,fleurs,fleurs_real,,train,read
train_0302.wav,recordings/fleurs16k/train_0302.wav,बर्फ़ीले तूफ़ान के दौरान आपको फंसाने के लिए पर्याप्त बर्फ बहुत कम समय में गिर सकती है,fleurs,fleurs_real,,train,read
train_0303.wav,recordings/fleurs16k/train_0303.wav,अब जापान के लिए ब्रिटेन की तरह ही जापान एक द्वीपीय देश था,fleurs,fleurs_real,,train,read
train_0304.wav,recordings/fleurs16k/train_0304.wav,यदि आप दक्षिणी अमरीका के दक्षिणी प्रशांत और पश्चिमी तट को छोड़ना चाहें तो यह उड़ान एकमात्र विकल्प नहीं है. नीचे देखें,fleurs,fleurs_real,,train,read
train_0305.wav,recordings/fleurs16k/train_0305.wav,पहाड़ी ढलान वाले बर्फ के खेल जिसमें स्कीइंग और स्नोबोर्डिंग शामिल हैं लोकप्रिय खेल हैं जिनमें बर्फ से ढके इलाकों में स्की या आपके पैरों से जुड़े स्नोबोर्ड से फिसलना शामिल है,fleurs,fleurs_real,,train,read
train_0306.wav,recordings/fleurs16k/train_0306.wav,यह विशेष रूप से स्कूल छोड़ने वालों के लिए लोकप्रिय है जिससे उन्हें अपनी शिक्षा से समझौता किए बिना विश्वविद्यालय से एक साल पहले ही बाहर निकलने की अनुमति मिलती है,fleurs,fleurs_real,,train,read
train_0307.wav,recordings/fleurs16k/train_0307.wav,टेक्नोलॉजिकल निर्धारणवाद एक ऐसा शब्द है जो व्यवहार में विचारों की एक विस्तृत श्रृंखला को शामिल करता है प्रौद्योगिकी-धक्का या तकनीकी अनिवार्यता से लेकर सख्त अर्थ तक कि मानव नियति वैज्ञानिक कानूनों और प्रौद्योगिकी में उनके प्रदर्शन से जुड़े एक अंतर्निहित तर्क से प्रेरित है,fleurs,fleurs_real,,train,read
train_0308.wav,recordings/fleurs16k/train_0308.wav,यह शहर झरने के बगल में स्थित है और वे प्रमुख आकर्षण हैं लेकिन यह लोकप्रिय पर्यटन स्थल जोखिम पसंद करने वालों और सैर-सपाटा करनेवाले दोनों को लंबे समय तक ठहरने के ढेरों अवसर प्रदान करता है,fleurs,fleurs_real,,train,read
train_0309.wav,recordings/fleurs16k/train_0309.wav,सूर्य के सामने वाले शुक्र या चंद्रमा के चमकदार हिस्से के कारण ही कलाएँ घटती-बढ़ती हैं. शुक्र कलाएँ कोपरनिकस के इस सिद्धांत का समर्थन करती हैं कि ग्रह सूर्य की परिक्रमा करते हैं,fleurs,fleurs_real,,train,read
train_0310.wav,recordings/fleurs16k/train_0310.wav,वैज्ञानिकों ने चांद की सतह पर लोबेट स्कार्प्स नामक ख़राब हुए लैंडफ़ॉर्म की खोज की है जो साफ़ तौर पर चंद्रमा के सिकुड़ने की वजह से हुए हैं,fleurs,fleurs_real,,train,read
train_0311.wav,recordings/fleurs16k/train_0311.wav,अगस्त में ऐम्स स्ट्रॉ पोल को जीतने वाली बेकमन ने अपना कैंपेन खत्म करने का फ़ैसला लिया,fleurs,fleurs_real,,train,read
train_0312.wav,recordings/fleurs16k/train_0312.wav,हालांकि उन्होंने शटल में किसी तरह के नुकसान होने के बारे में नहीं सोचा,fleurs,fleurs_real,,train,read
train_0313.wav,recordings/fleurs16k/train_0313.wav,परमाणु अविश्वसनीय रूप से इतने छोटे हैं कि वे खरबों की संख्या में वाक्य के अंत में लगने वाले बिंदु में फिट हो सकते हैं,fleurs,fleurs_real,,train,read
train_0314.wav,recordings/fleurs16k/train_0314.wav,औसीलट छोटे जानवरों को खाना पसंद करते हैं यदि वे पकड़ सकें तो वे बंदरों सांपों कृन्तकों और पक्षियों को पकड़ लेंगे लगभग सभी जानवर जो औसीलट का शिकार होते हैं इनसे बहुत छोटे होते हैं,fleurs,fleurs_real,,train,read
train_0315.wav,recordings/fleurs16k/train_0315.wav,अपनी जेब में 4 सेंट्स कविता की एक पुस्तक और उनके थॉमस एडिसन को संबोधित सिफारिशी चिट्ठी पिछली नौकरी के मैनेजर द्वारा लिखी लेकर वे अमरीका पहुंचे,fleurs,fleurs_real,,train,read
train_0316.wav,recordings/fleurs16k/train_0316.wav,"बैंड ने माउ के वॉर मेमोरियल स्टेडियम में होने वाले शो को रद्द कर दिया जिसको कि 9,000 लोग देखने के लिए आने वाले थे और प्रशंसको से माफ़ी मांगी",fleurs,fleurs_real,,train,read
train_0317.wav,recordings/fleurs16k/train_0317.wav,गर्भपात की नैतिकता पर विचार करते समय एक महत्वपूर्ण सवाल जीवन कब शुरू होता है पर संभावित मामलों की बारीकियों पर टिप्पणी करने को अनैतिक बताते हुए रॉबर्ट्स ने इस पर अपने विचार प्रकट करने से साफ़-साफ़ मना कर दिया,fleurs,fleurs_real,,train,read
train_0318.wav,recordings/fleurs16k/train_0318.wav,एवेंजर क्लास माइन काउंटरमेज़र शिप यह जहाज़ पालवन के प्यर्टो प्रिंसेसा के रास्ते में था,fleurs,fleurs_real,,train,read
train_0319.wav,recordings/fleurs16k/train_0319.wav,डेनलॉ को वापिस जीतने के बाद इंग्लैंड में लम्बे समय तक शान्ति रही थी,fleurs,fleurs_real,,train,read
train_0320.wav,recordings/fleurs16k/train_0320.wav,चीन पूर्वी यूरोप और ब्राज़ील जैसे क्षेत्रों में जहां स्काइप की पकड़ मज़बूत है कंपनी को अपने लाभ स्रोतों में विभिन्नता लाने और लोकप्रियता पाने की उम्मीद है,fleurs,fleurs_real,,train,read
train_0321.wav,recordings/fleurs16k/train_0321.wav,नाइट स्लीपर ट्रेनों पर कंडक्टर द्वारा पासपोर्ट एकत्र किया जा सकता है ताकि आपको अपनी नींद में बाधा न आए,fleurs,fleurs_real,,train,read
train_0322.wav,recordings/fleurs16k/train_0322.wav,जैसे किसी भारी गाड़ी को पहाड़ पर रोल करके चढ़ाया जा रहा हो न्यूक्लियस को फिर से विभाजित करना और उसमें से कुछ ऊर्जा निकालना,fleurs,fleurs_real,,train,read
train_0323.wav,recordings/fleurs16k/train_0323.wav,यह संबंध प्लानिंग डिज़ाइनिंग और रोडवे फ़ैसिलिटीज़ के ऑपरेशन्स में मदद करते हैं,fleurs,fleurs_real,,train,read
train_0324.wav,recordings/fleurs16k/train_0324.wav,मंदिर का सूना वातावरण और टोनले सैप झील के ऊपर का दृश्य पहाड़ी की चढ़ाई को सार्थक बनाता है,fleurs,fleurs_real,,train,read
train_0325.wav,recordings/fleurs16k/train_0325.wav,इसके अवशेषों से अधिकतर द्वीपों में मूसलाधार बारिश हुई हालांकि अभी तक क्षति या बाढ़ की ऐसी कोई सूचना नहीं मिली है,fleurs,fleurs_real,,train,read
train_0326.wav,recordings/fleurs16k/train_0326.wav,सड़क यात्रा करने के लिए अपनी कार का उपयोग करना एक शानदार तरीका है कभी कभी यह  कैंप”का काम भी करती है।,fleurs,fleurs_real,,train,read
train_0327.wav,recordings/fleurs16k/train_0327.wav,1951 में आग के कारण ड्रुकग्याल ज़ॉञ्ग के केवल कुछ ही अवशेष बचे जैसे कि ज़्हाबद्रुंग गवांग नामग्याल का चित्र,fleurs,fleurs_real,,train,read
train_0328.wav,recordings/fleurs16k/train_0328.wav,लाइट सही करने के लिए सबसे पहले स्विच को बंद किया जाना चाहिए या केबल को डिस्कनेक्ट करना चाहिए,fleurs,fleurs_real,,train,read
train_0329.wav,recordings/fleurs16k/train_0329.wav,इस कैटेगरी के सबसे अहम ऐप्स में से एक google translate है जो मनचाही भाषा डेटा डाउनलोड करने के बाद ऑफ़लाइन अनुवाद करने देता है,fleurs,fleurs_real,,train,read
train_0330.wav,recordings/fleurs16k/train_0330.wav,ब्लेक को न्याय के दौरान न्याय-पथ को बिगाड़ने के प्रयास का भी दोषी ठहराया गया था,fleurs,fleurs_real,,train,read
train_0331.wav,recordings/fleurs16k/train_0331.wav,साइतो भूतपूर्व ओलिंपिक और वर्ल्ड चैंपियन होने के साथ-साथ अपनी मृत्यु के समय ऑल जापान जूडो फ़ेडरेशन ट्रेनिंग कमेटी के अध्यक्ष भी थे,fleurs,fleurs_real,,train,read
train_0332.wav,recordings/fleurs16k/train_0332.wav,अनुवाद इंजनों में काफी  सुधार हुआ है और अब अक्सर लगभग सही अनुवाद किये जाते हैं बकवास काफी हद तक कम हुआ  है लेकिन कुछ देखभाल की आवश्यकता है क्योंकि अब भी मुमकिन है कि सब कुछ गलत हो रहा हो।,fleurs,fleurs_real,,train,read
train_0333.wav,recordings/fleurs16k/train_0333.wav,स्वास्थ्य मंत्री ने इसमें शामिल तत्वों की अस्थाई वैधता का फ़ायदा उठाने वाले लोगों के कल्याण के लिए चिंता ज़ाहिर की और सामयिक असंवैधानिक बदलावों के प्रभाव में आने के बाद से दवा से जुड़ी धारणाओं को आगे की पीढ़ी के लिए सौंप दिया,fleurs,fleurs_real,,train,read
train_0334.wav,recordings/fleurs16k/train_0334.wav,सरल प्रभाव के साथ एक दिन की वृद्धि के लिए थोड़ी तैयारी कर लेनी चाहिए और कोई भी सामान्य रूप से फिट व्यक्ति उनका आनंद ले सकता है,fleurs,fleurs_real,,train,read
train_0335.wav,recordings/fleurs16k/train_0335.wav,अपनी टिप्पणियों के बावजूद उसने कहा कि वह लंदन में आयोजित 2012 ओलिम्पिक्स में ब्रिटिश प्रतिस्पर्धियों का समर्थन करेगा,fleurs,fleurs_real,,train,read
train_0336.wav,recordings/fleurs16k/train_0336.wav,माना जाता है कि यह पूरी तरह पंख से लदे गरम खून वाले शिकारी पक्षी वेलोसाइराप्टर जैसे पंजे के साथ दो पैरों पर सीधा चलते थे,fleurs,fleurs_real,,train,read
train_0337.wav,recordings/fleurs16k/train_0337.wav,2009 के हंगेरियन ग्रैंड प्री के दौरान दुर्घटना के बाद ब्राज़िली को सिर में गंभीर चोट लगी थी,fleurs,fleurs_real,,train,read
train_0338.wav,recordings/fleurs16k/train_0338.wav,राजनीतिक गतिरोध के बावजूद माल्डोवा के इन दो इलाकों में आर्थिक साझेदारी फिर से स्थापित हुई,fleurs,fleurs_real,,train,read
train_0339.wav,recordings/fleurs16k/train_0339.wav,एक रिपोर्ट मे बताया गया है कि इस क्षेत्र 9400 घर पानी की कमी से जूझ रहे है और लगभग 100 बिजली की कमी से,fleurs,fleurs_real,,train,read
train_0340.wav,recordings/fleurs16k/train_0340.wav,जब आप अपनी मातृभूमि में आते हैं तो इमिग्रेशन चेक आमतौर पर नहीं होता या औपचारिक होता है लेकिन सीमा शुल्क नियंत्रण एक परेशानी हो सकती है,fleurs,fleurs_real,,train,read
train_0341.wav,recordings/fleurs16k/train_0341.wav,जब लोग मूस को बहुत ख़तरनाक नहीं मानते हैं तो वे बहुत पास आ सकते हैं और खुद को जोख़िम में डाल सकते हैं,fleurs,fleurs_real,,train,read
train_0342.wav,recordings/fleurs16k/train_0342.wav,il-76 1970 के दशक से ही रूसी और सोवियत सेनाओं का मुख्य घटक रहा है पिछले ही महीने रूस में इसकी एक गंभीर दुर्घटना देखी गई थी,fleurs,fleurs_real,,train,read
train_0343.wav,recordings/fleurs16k/train_0343.wav,इस pbs शो को दो दर्जन से ज़्यादा एमी पुरस्कार मिल चुके हैं नियमित प्रसारण के मामले में यह सिर्फ़ सीसेम स्ट्रीट और मिस्टर रॉजर नेबरहुड से पीछे है,fleurs,fleurs_real,,train,read
train_0344.wav,recordings/fleurs16k/train_0344.wav,इसके लिए स्थानीय पुलिस के पास एक फॉर्म भरने की या आप्रवासन कार्यालयों में जाने आवश्यकता पड़ सकती है,fleurs,fleurs_real,,train,read
train_0345.wav,recordings/fleurs16k/train_0345.wav,आख़िर लीडर ही अपनी टीम की कामयाबी और नाकामी के लिए ज़िम्मेदार होता है,fleurs,fleurs_real,,train,read
train_0346.wav,recordings/fleurs16k/train_0346.wav,दो ओलिम्पिक गोल्ड मेडल्स के विजेता जापानी जुडोका हितोशी साइतो का 54 साल की उम्र में निधन हो गया,fleurs,fleurs_real,,train,read
train_0347.wav,recordings/fleurs16k/train_0347.wav,बड़े वाहनों से अलग आप संभवतया पहले से ही अपनी कार को चलाने में अभ्यस्त हैं और अपनी सीमाएं जानते हैं,fleurs,fleurs_real,,train,read
train_0348.wav,recordings/fleurs16k/train_0348.wav,ग्लोबल रनिंग टूर्स के उत्तराधिकारी गो रनिंग टूर्स चार महाद्वीपों पर दर्जनों दृष्टि से चलने वाले प्रदाता हैं,fleurs,fleurs_real,,train,read
train_0349.wav,recordings/fleurs16k/train_0349.wav,आम तौर पर ये आयोजन तीन से छह महीने के बीच कभी भी ऐसी जगहों पर आयोजित किए जाते हैं जो 50 हेक्टेयर से छोटी न हों,fleurs,fleurs_real,,train,read
train_0350.wav,recordings/fleurs16k/train_0350.wav,आज 12.00 gmt पर इराक स्टडी ग्रुप ने अपनी रिपोर्ट प्रस्तुत की,fleurs,fleurs_real,,train,read
train_0351.wav,recordings/fleurs16k/train_0351.wav,हलडारश्वीक गांव से पास के एस्टूरॉय का द्वीप नज़र आता है और इसमें एक असाधारण अष्टकोणीय चर्च है,fleurs,fleurs_real,,train,read
train_0352.wav,recordings/fleurs16k/train_0352.wav,पिटमैन के अनुसार पैक बर्फ की मात्रा और मोटाई पिछले 15 वर्षों में सीलर्स के लिए सबसे ख़राब है,fleurs,fleurs_real,,train,read
train_0353.wav,recordings/fleurs16k/train_0353.wav,उन्होंने खुद को मोरीओरी कहा फिर कुछ झड़पें हुईं पर अंत में मोरी ओरी का सफाया हो गया,fleurs,fleurs_real,,train,read
train_0354.wav,recordings/fleurs16k/train_0354.wav,मापुचे भी अमेरिका के स्थानीय अंतिम स्वतंत्र समूहों में से एक था इस समूह ने चिली के आज़ाद होने के बाद तक पूरी तरह स्पेनी शासन की आधीनता स्वीकार नहीं की थी,fleurs,fleurs_real,,train,read
train_0355.wav,recordings/fleurs16k/train_0355.wav,रिपोर्ट में बताया गया कि टेस्ट के अंक तेज़ गति से बढ़े उस स्कूल ने आंतरिक तौर पर कुछ समस्याओं को पहचाना पर उन्हें ठीक करने के लिए कुछ नहीं किया,fleurs,fleurs_real,,train,read
train_0356.wav,recordings/fleurs16k/train_0356.wav,वेबसाइट पर फ़ॉर्मैटिंग और एडिटिंग सीखने के बाद आप अपनी वेबसाइट बना सकते हैं,fleurs,fleurs_real,,train,read
train_0357.wav,recordings/fleurs16k/train_0357.wav,संकेत शारीरिक रूप से क्षतिग्रस्त नहीं था o को बदलकर लोअरकेस e में पढ़ने के लिए शांति और दिल के संकेतों के साथ सजाए गए काले तिरपाल का इस्तेमाल करके संशोधन किया गया था,fleurs,fleurs_real,,train,read
train_0358.wav,recordings/fleurs16k/train_0358.wav,लेकिन रॉयल नेवी अभी भी जर्मन नेवी  क्रिग्समरीन” की तुलना में ज़्यादा मज़बूत थी और अंग्रेज़ी चैनल में भेजी गई किसी भी आक्रमण करने वाली नौसेना को नष्ट कर सकती थी,fleurs,fleurs_real,,train,read
train_0359.wav,recordings/fleurs16k/train_0359.wav,हज़ारों सालों से धार्मिक दार्शनिक और वैज्ञानिक स्कॉलर्स द्वारा समय का अध्ययन किया जा रहा है,fleurs,fleurs_real,,train,read
train_0360.wav,recordings/fleurs16k/train_0360.wav,इसने निश्चित फ़ोकल लंबाई वाले लेंस से हासिल तस्वीरों की तुलना में ज़ूम लेंसों द्वारा उच्च कोटि की तस्वीरें हासिल करना संभव किया है,fleurs,fleurs_real,,train,read
train_0361.wav,recordings/fleurs16k/train_0361.wav,यात्रा लेखन के व्यवसाय को शुरू करने का सबसे आसान तरीका यह है कि एक स्थापित यात्रा ब्लॉग वेबसाइट को अच्छी तरह से पढ़कर अपने कौशल में सुधार लाएंं,fleurs,fleurs_real,,train,read
train_0362.wav,recordings/fleurs16k/train_0362.wav,आयरलैंड की सरकार स्थिति को सुधारने के लिए संसदीय कानून की अत्यावश्यकता पर जोर दे रही है,fleurs,fleurs_real,,train,read
train_0363.wav,recordings/fleurs16k/train_0363.wav,सिख अपने विश्वास को हिंदू धर्म से अलग मानते हैं हालांकि वे इसकी हिंदू जड़ों और परंपराओं को स्वीकार करते हैं,fleurs,fleurs_real,,train,read
train_0364.wav,recordings/fleurs16k/train_0364.wav,बर्फ गिरने या वाहन की खिड़कियों पर बर्फ के संघनन से भी दृश्यता कम हो सकती है,fleurs,fleurs_real,,train,read
train_0365.wav,recordings/fleurs16k/train_0365.wav,जिस सड़क पर दुर्घटना हुई उसे कुछ समय के लिए बंद कर दिया गया था जबकि आपाताकालीन सेवाओं ने ड्राइवर को लाल रंग की audi tt से निकाल दिया था,fleurs,fleurs_real,,train,read
train_0366.wav,recordings/fleurs16k/train_0366.wav,स्टेशन की वेबसाइट ने शो को नए और ख़राब तरीके से अव्यवस्थित घुमाव के साथ पुराने समय के रेडियो थिएटर के रूप में बताया है,fleurs,fleurs_real,,train,read
train_0367.wav,recordings/fleurs16k/train_0367.wav,उनमें से एक जॉर्ज वाशिंगटन को 6 जुलाई को भेजा गया जिसने कि इसको अपनी सेना के लिए न्यूयॉर्क में 9 जुलाई को पढ़ा उसकी एक कॉपी 10 अगस्त को लंदन पहुंची,fleurs,fleurs_real,,train,read
train_0368.wav,recordings/fleurs16k/train_0368.wav,वह कहता चला गया यह मामला गंभीर है इस बात की फ़िक्र न करें कि हमारा सिस्टम उम्मीद के मुताबिक काम कर रहा है,fleurs,fleurs_real,,train,read
train_0369.wav,recordings/fleurs16k/train_0369.wav,आज सुबह स्थानीय समय के अनुसार लगभग 10 बजे इस्लाम के पवित्र शहर मक्का में एक छात्रावास ढह गया,fleurs,fleurs_real,,train,read
train_0370.wav,recordings/fleurs16k/train_0370.wav,पिछले महीने पोलैंड में बड़े विरोध प्रदर्शन हुए थे जब उस देश ने एसीटीए पर हस्ताक्षर किए थे जिसके कारण पोलैंड की सरकार ने इस समझौते अभी मंजूर नहीं करने का फैसला किया है,fleurs,fleurs_real,,train,read
train_0371.wav,recordings/fleurs16k/train_0371.wav,हालांकि बहुत कम रॉयल नेवी शिप भागने के मुमकिन रूट के करीब थे क्योंकि एडमिरल को डर था कि वे जर्मनी हवाई हमले में डुबो दिए जाएंगे,fleurs,fleurs_real,,train,read
train_0372.wav,recordings/fleurs16k/train_0372.wav,लॉस एंजेलिस पुलिस विभाग के एक प्रवक्ता क्रिस्टोफर गार्सिया ने कहा कि संदिग्ध पुरुष अपराधी की गुंडागिरी के बजाय अतिक्रमण के लिए जांच की जा रही है,fleurs,fleurs_real,,train,read
train_0373.wav,recordings/fleurs16k/train_0373.wav,ठीक 11:00 बजे के बाद व्हाइटहॉल में उत्तर की ओर जाने वाले ट्रैफ़िक को प्रदर्शनकारियों ने रोक दिया,fleurs,fleurs_real,,train,read
train_0374.wav,recordings/fleurs16k/train_0374.wav,रोटोरुआ में कई जगह जिओथर्मल हैंगई प्रदान करते हैं जबकि अन्य हैंगई का क्राइस्टचर्च वेलिंगटन और अन्य जगहों पर नमूना लिया जा सकता है,fleurs,fleurs_real,,train,read
train_0375.wav,recordings/fleurs16k/train_0375.wav,फ़ोटॉन परमाणु बनाने वाले पदार्थ से भी छोटे होते हैं,fleurs,fleurs_real,,train,read
train_0376.wav,recordings/fleurs16k/train_0376.wav,1995 में उन्हें पार्टिज़न के इतिहास का सबसे शानदार खिलाड़ी चुना गया,fleurs,fleurs_real,,train,read
train_0377.wav,recordings/fleurs16k/train_0377.wav,हलडारश्वीक गांव से पास के एस्टूरॉय का द्वीप नज़र आता है और इसमें एक असाधारण अष्टकोणीय चर्च है,fleurs,fleurs_real,,train,read
train_0378.wav,recordings/fleurs16k/train_0378.wav,पुलिस ने कहा कि लो पिकालो की स्थिति मज़बूत थी क्योंकि वह पलेर्मो में प्रोवेनज़ानो का दाहिना हाथ था और उसके अनुभव ने उसे पुरानी पीढ़ी के मालिकों का सम्मान दिलवाया था क्योंकि वे अपने शक्ति तंत्र को मजबूत करते हुए अपनी छवि को न्यून बनाए रखने के प्रोवेनज़ानो की नीति का अनुसरण करते थे,fleurs,fleurs_real,,train,read
train_0379.wav,recordings/fleurs16k/train_0379.wav,हेस्पेरोनिकस एलिजाबेथ ड्रोमाओसौरिडी परिवार की एक प्रजाति है और वेलोसिरैप्टर का चचेरा भाई है,fleurs,fleurs_real,,train,read
train_0380.wav,recordings/fleurs16k/train_0380.wav,हर कोई ज्ञान प्राप्त कर सकता है इस लक्ष्य के रास्ते में केवल एक चीज़ है वह है हमारा अपने तनाव और नकारात्मकता,fleurs,fleurs_real,,train,read
train_0381.wav,recordings/fleurs16k/train_0381.wav,यह पहले की रिपोर्टों का खंडन करता है जिसमें कहा गया था कि निर्णायक मत को रद्द करना संविधान के ख़िलाफ़ होगा,fleurs,fleurs_real,,train,read
train_0382.wav,recordings/fleurs16k/train_0382.wav,यह न केवल इसकी पुष्टि करता है कि कम से कम कुछ डायनासोर के पंख थे एक सिद्धांत पहले से ही प्रचलित है लेकिन यह ऐसी जानकारी प्रदान करता जो जीवाश्म आमतौर पर नहीं कर सकते जैसे रंग और तीन आयामी अरेंजमेंट,fleurs,fleurs_real,,train,read
train_0383.wav,recordings/fleurs16k/train_0383.wav,कोई गंभीर रूप से घायल नहीं हुआ लेकिन धमाके के समय मौजूद कम से कम पांच लोगों को सदमा लगा उनका इलाज किया जा रहा था,fleurs,fleurs_real,,train,read
train_0384.wav,recordings/fleurs16k/train_0384.wav,ग्लेशियरों के किनारे पर विशाल ब्लॉक कमज़ोर हो जाते हैं नीचे गिरते हैं और हो सकता है किनारे से नीचे गिरते हैं या दूर से लुढ़कते हैं,fleurs,fleurs_real,,train,read
train_0385.wav,recordings/fleurs16k/train_0385.wav,जॉन ग्रांट सहित कुछ लोगों का मानना है कि फंडिंग की कमी और शैक्षिक टेलीविज़न प्रोग्रामिंग के दर्शन में बदलाव दोनों ने इस श्रृंखला को समाप्त करने में योगदान दिया है,fleurs,fleurs_real,,train,read
train_0386.wav,recordings/fleurs16k/train_0386.wav,अगस्त में ऐम्स स्ट्रॉ पोल को जीतने वाली बेकमन ने अपना कैंपेन खत्म करने का फ़ैसला लिया,fleurs,fleurs_real,,train,read
train_0387.wav,recordings/fleurs16k/train_0387.wav,छोटे बच्चों वाले परिवार को ज़्यादा तैयारी की ज़रूरत होगी लेकिन छोटे बच्चों और प्री-स्कूल बच्चों के साथ भी एक दिन बाहर की सैर आराम से संभव होगी,fleurs,fleurs_real,,train,read
train_0388.wav,recordings/fleurs16k/train_0388.wav,कथित तौर पर उस शख्स ने भीड़ में विस्फोटकों से हथियारबंद एक तीन पहियों वाले वाहन को निकाल दिया,fleurs,fleurs_real,,train,read
train_0389.wav,recordings/fleurs16k/train_0389.wav,गर्मियों में बहुत लंबे दिन पर्याप्त नींद और स्वास्थ्य से जुड़ी समस्याओं का कारण हो सकते हैं,fleurs,fleurs_real,,train,read
train_0390.wav,recordings/fleurs16k/train_0390.wav,मुझे खुशी है कि लोग मेरा समर्थन करने के लिए तैयार हैं,fleurs,fleurs_real,,train,read
train_0391.wav,recordings/fleurs16k/train_0391.wav,दिलचस्प बात यह है कि पेंसिलवेनिया वाइल्ड्स जैसे रास्ते के दूसरे कई हिस्सों के मुकाबले यहां मोबाइल फ़ोन सेवा ज़्यादा बेहतर है,fleurs,fleurs_real,,train,read
train_0392.wav,recordings/fleurs16k/train_0392.wav,उम्मीद है कि अधिकांश लोग यह महसूस करेंगे कि दूसरों के साथ मिलकर काम करना उनका दीर्घकालिक सबसे अच्छा विकल्प है,fleurs,fleurs_real,,train,read
train_0393.wav,recordings/fleurs16k/train_0393.wav,यह पानी की तरह व्यवहार करने जा रहा है यह बिल्कुल पानी की तरह पारदर्शी है,fleurs,fleurs_real,,train,read
train_0394.wav,recordings/fleurs16k/train_0394.wav,जब संघीय सरकार ने डेवोनपोर्ट तस्मानिया में मर्सी अस्पताल का वित्तपोषण करने के लिए कदम उठाया तब राज्य सरकार और कुछ संघीय सांसदों ने नवंबर तक बुलाए जाने वाले संघीय चुनाव की प्रस्तावना में इस कार्य की आलोचना की,fleurs,fleurs_real,,train,read
train_0395.wav,recordings/fleurs16k/train_0395.wav,मृत्यु का कारण इंट्राहेपेटिक पित्त नली के कैंसर के रूप में घोषित किया गया था,fleurs,fleurs_real,,train,read
train_0396.wav,recordings/fleurs16k/train_0396.wav,हालांकि जो लोग थोड़ी स्पेनिश जानते हैं वे इससे सहमत हैं कि पुर्तगाली स्पेनिश के इतने समान है की इसे अलग से अध्ययन करने की आवश्यकता नहीं है,fleurs,fleurs_real,,train,read
train_0397.wav,recordings/fleurs16k/train_0397.wav,इसलिए व्याकरण की इस प्रथम पुस्तक को पढ़ने से आपको फारसी व्याकरण के बारे में बहुत कुछ जानने और वाक्यांशों को बेहतर ढंग से समझने में मदद मिलेगी,fleurs,fleurs_real,,train,read
train_0398.wav,recordings/fleurs16k/train_0398.wav,मारूसाइडोर पहले पायदान पर आया जबकि उससे छह नंबर पीछे रहकर नूसा दूसरे पायदान पर आया,fleurs,fleurs_real,,train,read
train_0399.wav,recordings/fleurs16k/train_0399.wav,वेटिकन सिटी के सभी नागरिक रोमन कैथोलिक हैं,fleurs,fleurs_real,,train,read
