filename,text,speaker,dialect,entities,audio_path,split
rec_0001.wav,धान की कटाई से पहले एक हफ्ते खेत को सुखा देना चाहिए।,S01,dialectA,paddy,recordings/wav16k\rec_0001.wav,train
rec_0002.wav,नई धान की किस्म के लिए नर्सरी में बीज की मात्रा कितनी होगी?,S01,dialectA,paddy,recordings/wav16k\rec_0002.wav,train
rec_0003.wav,टमाटर के पत्ते नीचे की तरफ मुड़ रहे हैं।,S01,dialectA,tomato|whitefly,recordings/wav16k\rec_0003.wav,train
rec_0004.wav,सफेद मक्खी का प्रकोप टमाटर और बैंगन पर ज्यादा होता है।,S01,dialectA,tomato|whitefly|brinjal,recordings/wav16k\rec_0004.wav,train
rec_0005.wav,सुबह जल्दी या शाम को कीटनाशक का छिड़काव करें।,S01,dialectA,tomato,recordings/wav16k\rec_0005.wav,train
rec_0006.wav,टमाटर में झुलसा रोग के लक्षण क्या हैं?,S01,dialectA,tomato|early_blight,recordings/wav16k\rec_0006.wav,train
rec_0007.wav,प्याज की फसल में थ्रिप्स के कारण पत्ते सूख रहे हैं।,S01,dialectA,onion|thrips,recordings/wav16k\rec_0007.wav,train
rec_0008.wav,प्याज की खुदाई के बाद उसे धूप में सुखाना जरूरी है।,S01,dialectA,onion,recordings/wav16k\rec_0008.wav,train
rec_0009.wav,इस साल प्याज का मंडी में भाव कितना चल रहा है?,S01,dialectA,onion,recordings/wav16k\rec_0009.wav,train
rec_0010.wav,आलू में पिछेती झुलसा एक खतरनाक बीमारी है।,S01,dialectA,potato|late_blight,recordings/wav16k\rec_0010.wav,train
rec_0011.wav,आलू की बुवाई करते वक्त कंद की आंख ऊपर रखें।,S01,dialectA,potato,recordings/wav16k\rec_0011.wav,train
rec_0012.wav,टमाटर के पत्ते नीचे की तरफ मुड़ रहे हैं।,S02,dialectA,tomato|whitefly,recordings/wav16k\rec_0012.wav,train
rec_0013.wav,सफेद मक्खी का प्रकोप टमाटर और बैंगन पर ज्यादा होता है।,S02,dialectA,tomato|whitefly|brinjal,recordings/wav16k\rec_0013.wav,train
rec_0014.wav,सुबह जल्दी या शाम को कीटनाशक का छिड़काव करें।,S02,dialectA,tomato,recordings/wav16k\rec_0014.wav,train
rec_0015.wav,टमाटर में झुलसा रोग के लक्षण क्या हैं?,S02,dialectA,tomato|early_blight,recordings/wav16k\rec_0015.wav,train
rec_0016.wav,प्याज की फसल में थ्रिप्स के कारण पत्ते सूख रहे हैं।,S02,dialectA,onion|thrips,recordings/wav16k\rec_0016.wav,train
rec_0017.wav,प्याज की खुदाई के बाद उसे धूप में सुखाना जरूरी है।,S02,dialectA,onion,recordings/wav16k\rec_0017.wav,train
rec_0018.wav,इस साल प्याज का मंडी में भाव कितना चल रहा है?,S02,dialectA,onion,recordings/wav16k\rec_0018.wav,train
rec_0019.wav,आलू में पिछेती झुलसा एक खतरनाक बीमारी है।,S02,dialectA,potato|late_blight,recordings/wav16k\rec_0019.wav,train
rec_0020.wav,आलू की बुवाई करते वक्त कंद की आंख ऊपर रखें।,S02,dialectA,potato,recordings/wav16k\rec_0020.wav,train
rec_0021.wav,बीज आलू का चुनाव सही होना चाहिए।,S02,dialectA,potato,recordings/wav16k\rec_0021.wav,train
rec_0022.wav,भुवनेश्वर में आज बारिश होने की संभावना कितनी है?,S02,dialectA,general|weather,recordings/wav16k\rec_0022.wav,train
rec_0023.wav,सुबह जल्दी या शाम को कीटनाशक का छिड़काव करें।,S03,dialectA,tomato,recordings/wav16k\rec_0023.wav,test
rec_0024.wav,टमाटर में झुलसा रोग के लक्षण क्या हैं?,S03,dialectA,tomato|early_blight,recordings/wav16k\rec_0024.wav,test
rec_0025.wav,प्याज की फसल में थ्रिप्स के कारण पत्ते सूख रहे हैं।,S03,dialectA,onion|thrips,recordings/wav16k\rec_0025.wav,test
rec_0026.wav,प्याज की खुदाई के बाद उसे धूप में सुखाना जरूरी है।,S03,dialectA,onion,recordings/wav16k\rec_0026.wav,test
rec_0027.wav,इस साल प्याज का मंडी में भाव कितना चल रहा है?,S03,dialectA,onion,recordings/wav16k\rec_0027.wav,test
rec_0028.wav,आलू में पिछेती झुलसा एक खतरनाक बीमारी है।,S03,dialectA,potato|late_blight,recordings/wav16k\rec_0028.wav,test
rec_0029.wav,आलू की बुवाई करते वक्त कंद की आंख ऊपर रखें।,S03,dialectA,potato,recordings/wav16k\rec_0029.wav,test
rec_0030.wav,बीज आलू का चुनाव सही होना चाहिए।,S03,dialectA,potato,recordings/wav16k\rec_0030.wav,test
rec_0031.wav,भुवनेश्वर में आज बारिश होने की संभावना कितनी है?,S03,dialectA,general|weather,recordings/wav16k\rec_0031.wav,test
rec_0032.wav,धान में खाद देने का सही समय कब है?,S03,dialectA,paddy|soil_fertilizer,recordings/wav16k\rec_0032.wav,test
rec_0033.wav,टमाटर में फल छेदक कीड़ा लग गया है क्या करें?,S03,dialectA,tomato|fruit_borer,recordings/wav16k\rec_0033.wav,test
rec_0034.wav,प्याज की फसल में थ्रिप्स के कारण पत्ते सूख रहे हैं।,S04,dialectA,onion|thrips,recordings/wav16k\rec_0034.wav,test
rec_0035.wav,प्याज की खुदाई के बाद उसे धूप में सुखाना जरूरी है।,S04,dialectA,onion,recordings/wav16k\rec_0035.wav,test
rec_0036.wav,इस साल प्याज का मंडी में भाव कितना चल रहा है?,S04,dialectA,onion,recordings/wav16k\rec_0036.wav,test
rec_0037.wav,आलू में पिछेती झुलसा एक खतरनाक बीमारी है।,S04,dialectA,potato|late_blight,recordings/wav16k\rec_0037.wav,test
rec_0038.wav,आलू की बुवाई करते वक्त कंद की आंख ऊपर रखें।,S04,dialectA,potato,recordings/wav16k\rec_0038.wav,test
rec_0039.wav,बीज आलू का चुनाव सही होना चाहिए।,S04,dialectA,potato,recordings/wav16k\rec_0039.wav,test
rec_0040.wav,भुवनेश्वर में आज बारिश होने की संभावना कितनी है?,S04,dialectA,general|weather,recordings/wav16k\rec_0040.wav,test
rec_0041.wav,धान में खाद देने का सही समय कब है?,S04,dialectA,paddy|soil_fertilizer,recordings/wav16k\rec_0041.wav,test
rec_0042.wav,टमाटर में फल छेदक कीड़ा लग गया है क्या करें?,S04,dialectA,tomato|fruit_borer,recordings/wav16k\rec_0042.wav,test
rec_0043.wav,प्याज में बैंगनी धब्बा रोग की क्या दवा है?,S04,dialectA,onion|purple_blorch,recordings/wav16k\rec_0043.wav,test
rec_0044.wav,आलू की फसल में पहली सिंचाई कब करें?,S04,dialectA,potato|irrigation,recordings/wav16k\rec_0044.wav,test
rec_0045.wav,इस साल प्याज का मंडी में भाव कितना चल रहा है?,S05,dialectA,onion,recordings/wav16k\rec_0045.wav,train
rec_0046.wav,आलू में पिछेती झुलसा एक खतरनाक बीमारी है।,S05,dialectA,potato|late_blight,recordings/wav16k\rec_0046.wav,train
rec_0047.wav,आलू की बुवाई करते वक्त कंद की आंख ऊपर रखें।,S05,dialectA,potato,recordings/wav16k\rec_0047.wav,train
rec_0048.wav,बीज आलू का चुनाव सही होना चाहिए।,S05,dialectA,potato,recordings/wav16k\rec_0048.wav,train
rec_0049.wav,भुवनेश्वर में आज बारिश होने की संभावना कितनी है?,S05,dialectA,general|weather,recordings/wav16k\rec_0049.wav,train
rec_0050.wav,धान में खाद देने का सही समय कब है?,S05,dialectA,paddy|soil_fertilizer,recordings/wav16k\rec_0050.wav,train
rec_0051.wav,टमाटर में फल छेदक कीड़ा लग गया है क्या करें?,S05,dialectA,tomato|fruit_borer,recordings/wav16k\rec_0051.wav,train
rec_0052.wav,प्याज में बैंगनी धब्बा रोग की क्या दवा है?,S05,dialectA,onion|purple_blorch,recordings/wav16k\rec_0052.wav,train
rec_0053.wav,आलू की फसल में पहली सिंचाई कब करें?,S05,dialectA,potato|irrigation,recordings/wav16k\rec_0053.wav,train
rec_0054.wav,नीम के तेल का छिड़काव किस समय करना चाहिए?,S05,dialectA,general|pest_disease,recordings/wav16k\rec_0054.wav,train
rec_0055.wav,मिट्टी की जांच करवाने के लिए नमूना कैसे लें?,S05,dialectA,general|soil_fertilizer,recordings/wav16k\rec_0055.wav,train
rec_0056.wav,आलू की बुवाई करते वक्त कंद की आंख ऊपर रखें।,S06,dialectB,potato,recordings/wav16k\rec_0056.wav,train
rec_0057.wav,बीज आलू का चुनाव सही होना चाहिए।,S06,dialectB,potato,recordings/wav16k\rec_0057.wav,train
rec_0058.wav,भुवनेश्वर में आज बारिश होने की संभावना कितनी है?,S06,dialectB,general|weather,recordings/wav16k\rec_0058.wav,train
rec_0059.wav,धान में खाद देने का सही समय कब है?,S06,dialectB,paddy|soil_fertilizer,recordings/wav16k\rec_0059.wav,train
rec_0060.wav,टमाटर में फल छेदक कीड़ा लग गया है क्या करें?,S06,dialectB,tomato|fruit_borer,recordings/wav16k\rec_0060.wav,train
rec_0061.wav,प्याज में बैंगनी धब्बा रोग की क्या दवा है?,S06,dialectB,onion|purple_blorch,recordings/wav16k\rec_0061.wav,train
rec_0062.wav,आलू की फसल में पहली सिंचाई कब करें?,S06,dialectB,potato|irrigation,recordings/wav16k\rec_0062.wav,train
rec_0063.wav,नीम के तेल का छिड़काव किस समय करना चाहिए?,S06,dialectB,general|pest_disease,recordings/wav16k\rec_0063.wav,train
rec_0064.wav,मिट्टी की जांच करवाने के लिए नमूना कैसे लें?,S06,dialectB,general|soil_fertilizer,recordings/wav16k\rec_0064.wav,train
rec_0065.wav,धान की फसल में यूरिया कितना डालना चाहिए?,S06,dialectB,paddy|soil_fertilizer,recordings/wav16k\rec_0065.wav,train
rec_0066.wav,धान की फसल में तना छेदक का प्रसार हो गया है।,S06,dialectB,paddy|stem_borer,recordings/wav16k\rec_0066.wav,train
rec_0067.wav,भुवनेश्वर में आज बारिश होने की संभावना कितनी है?,S07,dialectB,general|weather,recordings/wav16k\rec_0067.wav,train
rec_0068.wav,धान में खाद देने का सही समय कब है?,S07,dialectB,paddy|soil_fertilizer,recordings/wav16k\rec_0068.wav,train
rec_0069.wav,टमाटर में फल छेदक कीड़ा लग गया है क्या करें?,S07,dialectB,tomato|fruit_borer,recordings/wav16k\rec_0069.wav,train
rec_0070.wav,प्याज में बैंगनी धब्बा रोग की क्या दवा है?,S07,dialectB,onion|purple_blorch,recordings/wav16k\rec_0070.wav,train
rec_0071.wav,आलू की फसल में पहली सिंचाई कब करें?,S07,dialectB,potato|irrigation,recordings/wav16k\rec_0071.wav,train
rec_0072.wav,नीम के तेल का छिड़काव किस समय करना चाहिए?,S07,dialectB,general|pest_disease,recordings/wav16k\rec_0072.wav,train
rec_0073.wav,मिट्टी की जांच करवाने के लिए नमूना कैसे लें?,S07,dialectB,general|soil_fertilizer,recordings/wav16k\rec_0073.wav,train
rec_0074.wav,धान की फसल में यूरिया कितना डालना चाहिए?,S07,dialectB,paddy|soil_fertilizer,recordings/wav16k\rec_0074.wav,train
rec_0075.wav,धान की फसल में तना छेदक का प्रसार हो गया है।,S07,dialectB,paddy|stem_borer,recordings/wav16k\rec_0075.wav,train
rec_0076.wav,खेत में पानी की मात्रा सही रखना बहुत जरूरी है।,S07,dialectB,paddy,recordings/wav16k\rec_0076.wav,train
rec_0077.wav,धान की कटाई से पहले एक हफ्ते खेत को सुखा देना चाहिए।,S07,dialectB,paddy,recordings/wav16k\rec_0077.wav,train
rec_0078.wav,टमाटर में फल छेदक कीड़ा लग गया है क्या करें?,S08,dialectB,tomato|fruit_borer,recordings/wav16k\rec_0078.wav,test
rec_0079.wav,प्याज में बैंगनी धब्बा रोग की क्या दवा है?,S08,dialectB,onion|purple_blorch,recordings/wav16k\rec_0079.wav,test
rec_0080.wav,आलू की फसल में पहली सिंचाई कब करें?,S08,dialectB,potato|irrigation,recordings/wav16k\rec_0080.wav,test
rec_0081.wav,नीम के तेल का छिड़काव किस समय करना चाहिए?,S08,dialectB,general|pest_disease,recordings/wav16k\rec_0081.wav,test
rec_0082.wav,मिट्टी की जांच करवाने के लिए नमूना कैसे लें?,S08,dialectB,general|soil_fertilizer,recordings/wav16k\rec_0082.wav,test
rec_0083.wav,धान की फसल में यूरिया कितना डालना चाहिए?,S08,dialectB,paddy|soil_fertilizer,recordings/wav16k\rec_0083.wav,test
rec_0084.wav,धान की फसल में तना छेदक का प्रसार हो गया है।,S08,dialectB,paddy|stem_borer,recordings/wav16k\rec_0084.wav,test
rec_0085.wav,खेत में पानी की मात्रा सही रखना बहुत जरूरी है।,S08,dialectB,paddy,recordings/wav16k\rec_0085.wav,test
rec_0086.wav,धान की कटाई से पहले एक हफ्ते खेत को सुखा देना चाहिए।,S08,dialectB,paddy,recordings/wav16k\rec_0086.wav,test
rec_0087.wav,नई धान की किस्म के लिए नर्सरी में बीज की मात्रा कितनी होगी?,S08,dialectB,paddy,recordings/wav16k\rec_0087.wav,test
rec_0088.wav,टमाटर के पत्ते नीचे की तरफ मुड़ रहे हैं।,S08,dialectB,tomato|whitefly,recordings/wav16k\rec_0088.wav,test
rec_0089.wav,आलू की फसल में पहली सिंचाई कब करें?,S09,dialectB,potato|irrigation,recordings/wav16k\rec_0089.wav,train
rec_0090.wav,नीम के तेल का छिड़काव किस समय करना चाहिए?,S09,dialectB,general|pest_disease,recordings/wav16k\rec_0090.wav,train
rec_0091.wav,मिट्टी की जांच करवाने के लिए नमूना कैसे लें?,S09,dialectB,general|soil_fertilizer,recordings/wav16k\rec_0091.wav,train
rec_0092.wav,धान की फसल में यूरिया कितना डालना चाहिए?,S09,dialectB,paddy|soil_fertilizer,recordings/wav16k\rec_0092.wav,train
rec_0093.wav,धान की फसल में तना छेदक का प्रसार हो गया है।,S09,dialectB,paddy|stem_borer,recordings/wav16k\rec_0093.wav,train
rec_0094.wav,खेत में पानी की मात्रा सही रखना बहुत जरूरी है।,S09,dialectB,paddy,recordings/wav16k\rec_0094.wav,train
rec_0095.wav,धान की कटाई से पहले एक हफ्ते खेत को सुखा देना चाहिए।,S09,dialectB,paddy,recordings/wav16k\rec_0095.wav,train
rec_0096.wav,नई धान की किस्म के लिए नर्सरी में बीज की मात्रा कितनी होगी?,S09,dialectB,paddy,recordings/wav16k\rec_0096.wav,train
rec_0097.wav,टमाटर के पत्ते नीचे की तरफ मुड़ रहे हैं।,S09,dialectB,tomato|whitefly,recordings/wav16k\rec_0097.wav,train
rec_0098.wav,सफेद मक्खी का प्रकोप टमाटर और बैंगन पर ज्यादा होता है।,S09,dialectB,tomato|whitefly|brinjal,recordings/wav16k\rec_0098.wav,train
rec_0099.wav,सुबह जल्दी या शाम को कीटनाशक का छिड़काव करें।,S09,dialectB,tomato,recordings/wav16k\rec_0099.wav,train
rec_0100.wav,मिट्टी की जांच करवाने के लिए नमूना कैसे लें?,S10,dialectB,general|soil_fertilizer,recordings/wav16k\rec_0100.wav,train
rec_0101.wav,धान की फसल में यूरिया कितना डालना चाहिए?,S10,dialectB,paddy|soil_fertilizer,recordings/wav16k\rec_0101.wav,train
rec_0102.wav,धान की फसल में तना छेदक का प्रसार हो गया है।,S10,dialectB,paddy|stem_borer,recordings/wav16k\rec_0102.wav,train
rec_0103.wav,खेत में पानी की मात्रा सही रखना बहुत जरूरी है।,S10,dialectB,paddy,recordings/wav16k\rec_0103.wav,train
rec_0104.wav,धान की कटाई से पहले एक हफ्ते खेत को सुखा देना चाहिए।,S10,dialectB,paddy,recordings/wav16k\rec_0104.wav,train
rec_0105.wav,नई धान की किस्म के लिए नर्सरी में बीज की मात्रा कितनी होगी?,S10,dialectB,paddy,recordings/wav16k\rec_0105.wav,train
rec_0106.wav,टमाटर के पत्ते नीचे की तरफ मुड़ रहे हैं।,S10,dialectB,tomato|whitefly,recordings/wav16k\rec_0106.wav,train
rec_0107.wav,सफेद मक्खी का प्रकोप टमाटर और बैंगन पर ज्यादा होता है।,S10,dialectB,tomato|whitefly|brinjal,recordings/wav16k\rec_0107.wav,train
rec_0108.wav,सुबह जल्दी या शाम को कीटनाशक का छिड़काव करें।,S10,dialectB,tomato,recordings/wav16k\rec_0108.wav,train
rec_0109.wav,टमाटर में झुलसा रोग के लक्षण क्या हैं?,S10,dialectB,tomato|early_blight,recordings/wav16k\rec_0109.wav,train
rec_0110.wav,प्याज की फसल में थ्रिप्स के कारण पत्ते सूख रहे हैं।,S10,dialectB,onion|thrips,recordings/wav16k\rec_0110.wav,train
